country_code,country_name,1970,1971,1972,1973,1974,1975,1976,1977,1978,1979,1980,1981,1982,1983,1984,1985,1986,1987,1988,1989,1990,1991,1992,1993,1994,1995,1996,1997,1998,1999,2000,2001,2002,2003,2004,2005,2006,2007,2008,2009,2010,2011,2012,2013,2014,2015,2016,2017,2018,2019,2020,2021,2022,2023,2024
ABW,Aruba,0.03696956,0.04182524,0.052708352,0.057704309,0.05699943,0.071134019,0.070200482,0.081045397,0.085917158,0.089932496,0.093911556,0.097115004,0.09620144,0.098959971,0.113574013,0.119207553,0.128921795,0.143838347,0.157995781,0.213217513,0.220317678,0.246857487,0.272001133,0.27355914,0.309068053,0.338722132,0.229575691,0.368721484,0.377760443,0.382735082,0.348033146,0.351093362,0.376486104,0.426810259,0.441158693,0.478273199,0.487738124,0.522827499,0.515301519,0.550735185,0.528914775,0.340917565,0.405714703,0.440536776,0.469923128,0.491516428,0.515073361,0.496688325,0.494966918,0.540013489,0.519080727,0.538334799,0.56749203,0.569502788,0.588716403
AFG,Afghanistan,15.29996408,15.22108024,13.27875223,13.97204875,15.24200177,15.96887186,16.12456087,16.18778275,15.83341313,15.72380999,15.64848142,15.81748317,15.81202874,15.76851006,14.69966495,14.61947465,12.94995377,12.81852541,13.08531764,12.68189248,12.93155191,13.01395902,12.06581026,12.18609241,12.24731063,12.46346299,13.73523609,14.79739853,15.64783339,16.50847787,14.36494047,12.6284462,15.22857195,15.85756496,15.99333627,16.14491309,16.33849818,17.51164729,20.85999193,23.86250219,27.76853122,31.89880727,29.75934823,28.13194421,28.35453803,28.09308462,27.16474141,30.47459482,31.93581042,32.43616845,32.40016796,32.83584592,31.91213908,32.43510674,33.03484009
AGO,Angola,18.83435018,18.72184983,21.31677902,22.87875711,23.58610083,22.42177222,18.46444718,23.13261515,25.30798369,25.8339481,26.30800695,24.90166249,27.27683961,28.85160732,29.28355236,31.64680165,32.94949449,34.66889137,36.42461418,37.30913763,34.08453421,33.39906246,32.66143315,36.63045742,47.40567412,54.62532282,65.5425179,67.28200691,73.10104509,73.83768579,68.93300392,67.21138026,64.92162216,65.37592523,70.63925242,68.69880782,61.22094295,59.72850963,63.03614943,64.53842369,71.66496262,70.56193598,72.492007,77.02625178,78.99761562,83.53685786,80.62550776,75.43364268,70.46511603,71.20874944,63.1592211,66.60191942,68.03523704,68.28078505,69.92293878
AIA,Anguilla,0.003397521,0.003447974,0.003594584,0.003480455,0.003770682,0.00405093,0.003920464,0.004052565,0.004449552,0.004782495,0.006033378,0.008315474,0.008752564,0.007770815,0.007453074,0.005231094,0.004738997,0.007841555,0.007560033,0.007962846,0.00796978,0.00952516,0.009896407,0.012027199,0.015335163,0.018773385,0.01862067,0.015908512,0.014769405,0.014082324,0.017889978,0.018437402,0.013278011,0.016661254,0.01607179,0.016328907,0.015512027,0.01506414,0.018104828,0.023189188,0.027190601,0.029273999,0.029319387,0.031312685,0.031292952,0.031417667,0.031812681,0.032560698,0.031682045,0.031036684,0.026124833,0.025313813,0.025155856,0.025157584,0.026035166
AIR,International Aviation,172.4780158,172.4654467,182.4598255,190.2969148,183.1621061,177.1658344,177.4830782,193.5933665,200.7501935,207.5339481,206.3935772,205.5753359,213.0557902,214.9473992,222.9847775,229.0837706,251.5998531,265.9813091,281.007436,295.1233958,264.2566845,257.1389356,265.6965431,270.8985941,284.8168791,295.6490702,307.7335707,322.5678547,333.3515035,347.5229362,360.037454,353.8237897,374.4066738,372.2884126,408.4353791,434.7174975,450.1829813,465.3297605,472.5351483,449.6296157,475.3342349,488.2541543,490.4172921,498.9003844,513.857056,543.5960408,567.9059257,597.7333715,623.9323985,633.2170535,299.6363343,330.7484075,477.751478,578.3307365,622.3341621
ALB,Albania,8.230901378,8.182606531,9.115145341,8.595385283,8.865959895,9.04711137,9.658663349,10.21635804,11.24029812,12.39661679,12.57829986,11.6195564,12.26440401,13.11493085,13.42885786,12.99177609,13.21637163,13.50380315,13.39921988,13.31328441,11.49836047,9.052585379,6.171350926,6.209333113,6.9072591,6.549409671,6.282386623,5.529223583,5.788893001,6.998529602,7.197681691,7.385374539,8.006921474,8.195193892,8.403265257,7.99288318,8.037691097,7.99278042,7.780071805,7.763170013,8.071487988,8.504615878,8.17715435,8.437716268,8.918760743,8.763343204,8.375388727,9.194657026,9.191052349,8.66624502,7.997195285,8.496282909,7.697618551,7.26124715,7.124310567
ANT,Curaçao,15.07502611,15.07583353,14.65202431,16.20290486,14.66896709,10.58246453,11.25672123,11.39297362,9.680037293,9.575381157,9.08452645,8.420107553,7.643059182,7.177126842,7.001328979,4.686265368,4.474399005,4.1537185,3.645845587,3.133571974,2.844070818,2.946708782,3.080615172,2.557669515,2.865963373,2.872715272,2.902721754,5.523733621,5.712968864,5.6638058,5.886142437,5.885341359,5.625434322,5.636374544,5.855190698,6.138076128,5.996115829,6.483448643,6.41603816,6.084240163,4.440386937,5.713514252,5.800313624,5.330191431,5.87137757,5.936946726,5.161728945,4.161296736,3.368964813,2.610512907,2.193629598,2.333741459,2.410183353,2.404457195,2.49266539
ARE,United Arab Emirates,29.77272471,35.81842416,39.48194459,50.68740842,52.2127106,53.08122955,64.3465867,65.39284233,70.91259469,56.38601677,58.81856691,53.92797409,51.92338208,49.79931951,63.0116672,65.14751564,65.14059464,68.73005753,68.14486605,77.13319524,79.5036724,87.88721719,87.420939,94.05292029,98.94066377,103.9845247,109.083857,110.8692886,111.9371923,114.6885592,117.2260217,129.7434671,131.3144185,139.41055,146.0518083,155.5192329,162.3249821,172.8358058,200.3914181,201.4993131,209.6932599,217.3820015,226.717274,238.5774506,242.0497421,254.2072555,262.1894568,254.2672091,238.7795024,251.8938279,249.749036,255.3524567,255.5927296,254.3073207,264.1483737
ARG,Argentina,219.2139045,222.4566352,229.4516306,237.3424872,237.6577585,238.1730485,246.5946982,257.1351709,249.8251897,255.6798858,251.0558969,245.2532659,242.0252575,248.1144941,249.3410539,240.937348,246.7414644,250.8554636,259.3266414,258.5107595,253.0652215,256.9098522,258.9146812,260.7774271,266.2993207,269.1198344,276.3738221,281.2856871,285.170668,291.770164,288.4453274,285.5006966,284.5413354,305.8994966,324.6532995,329.3845676,342.681527,354.3630579,357.0158973,333.4521471,337.3105095,343.8254965,351.3251616,360.0236821,359.8127063,366.0408142,369.1827211,372.6964274,372.5105146,369.6020029,354.1582723,371.3181803,383.5353557,377.6745446,374.3446068
ARM,Armenia,12.6599628,12.82122557,13.62703163,14.65671555,15.67647087,16.93256062,17.36868945,17.96663558,18.65352346,19.30524715,20.42429599,20.86125925,21.44429795,21.51031991,21.55506457,21.61298315,21.8447871,22.09689303,22.02599206,21.63401434,24.30683233,24.86945884,14.01990114,7.678563372,5.280922599,5.960355588,5.001173987,5.702818898,5.726642568,5.352758437,5.862476706,5.998379442,5.547187325,5.993965423,6.477898762,7.220031809,7.189261833,8.134378985,8.611374115,7.339596318,7.071442679,7.698036892,8.567642895,8.611069595,8.968495659,8.896528331,8.731313057,8.935327464,9.079548444,9.560277618,10.28177647,10.90803482,11.22154529,10.72598057,10.78057528
ATG,Antigua and Barbuda,0.158706983,0.165192678,0.186225627,0.187804363,0.17375398,0.19834187,0.18636094,0.200301337,0.2052871,0.210726536,0.214135681,0.197458357,0.231368966,0.167992327,0.187402221,0.191615149,0.197563046,0.233038564,0.244592283,0.244310062,0.24662033,0.248255018,0.249958457,0.247083733,0.263747337,0.272793605,0.27128979,0.283119631,0.288699553,0.292231531,0.225424162,0.222876346,0.240703094,0.255085738,0.258757993,0.265191525,0.288696552,0.307000164,0.322741158,0.357368213,0.347387443,0.27968214,0.293987033,0.327366059,0.347745558,0.359297342,0.384160164,0.34613378,0.355690919,0.409907472,0.393103442,0.399072324,0.411195345,0.415083112,0.426850998
AUS,Australia,315.6704776,321.9528769,334.1090075,341.3932689,355.8627745,365.1879916,368.2811678,374.8116606,365.7420513,369.7497137,376.8546327,380.0960554,388.5880229,376.0471672,390.3264169,403.3570857,408.614019,419.1159163,429.7091687,451.0102886,460.6999112,463.5076775,465.5236134,470.0598241,474.1460563,482.243936,495.3143152,508.1079134,529.1568628,535.8085052,545.7081563,555.2469894,564.9522899,553.8086433,575.6458189,577.2283024,584.4288393,592.2353105,590.4227159,597.6317331,598.7525371,610.7350003,614.8510616,604.9249664,597.2002503,600.7501598,595.9681248,612.9425235,608.0656138,605.1539774,579.5474495,576.189057,571.780759,587.5131026,591.4539607
AUT,Austria,71.60092943,74.75662965,76.95956629,80.72251291,78.48430076,75.95994164,81.41328382,78.8097759,80.82217383,83.51360326,81.63910164,77.96374262,75.79462663,75.66801687,78.13638418,79.52047011,77.95159648,78.10978826,76.93074319,76.21618846,80.17747315,84.42563766,78.95863026,78.95707374,79.39601993,82.2785837,86.27872941,85.4906496,85.61857468,83.55817603,83.68144706,88.57586577,90.36286515,95.15316079,95.93427335,96.42670709,93.98855926,91.0048224,90.59759013,82.99700659,89.12104997,87.32995858,83.97744465,84.49032715,80.82063687,82.26171289,82.700769,84.85767391,81.79260823,83.13422792,76.97265622,80.07809389,76.07922329,71.59634239,70.99990351
AZE,Azerbaijan,32.54080866,32.88204864,34.72728369,37.14171705,39.59469892,42.36105317,43.47724173,44.80430093,46.92843906,48.4806082,50.64692588,51.8957847,52.77735882,53.80605477,54.73139159,55.57724798,56.64598189,57.72187286,57.53339987,57.60742015,67.67339457,65.86329178,55.32923546,49.01530476,43.49825319,42.67110844,37.26897945,36.55521083,36.9845829,37.96156908,39.6877718,39.02772293,38.87451576,41.69014069,41.66536872,44.53941647,46.21814976,46.628333,51.14185443,45.50491869,44.48502821,46.92378669,50.0285973,51.26249554,53.09415132,52.97148842,52.69874434,52.42593985,53.13645541,55.94329638,54.33382336,56.59608685,59.23625954,60.9918237,58.27978532
BDI,Burundi,2.120808597,2.115586634,2.212697532,2.26645521,2.288316555,2.371218826,2.384794633,2.396062002,2.428499603,2.504590709,2.263593112,2.063615928,2.108090954,2.148986924,2.227943523,2.181870958,2.367567811,2.399794587,2.536932369,2.570794413,3.04647378,3.179523819,3.134018693,3.187549854,3.162476674,3.286267272,3.393107691,3.445779639,3.426353842,2.98633605,3.051811752,3.034128779,3.002957196,3.043638759,3.195369879,3.310225324,3.514883777,3.78631138,3.771340087,4.00970862,4.363100427,4.633921095,4.631059979,5.75049801,5.70384261,5.691153207,6.025865901,6.713538954,7.017279317,6.757385667,6.761679317,7.904715388,7.70986071,8.187161724,8.42172401
BEL,Belgium,167.270014,157.6726736,169.1694107,174.9869159,175.3104278,155.8749487,165.2789796,163.973867,168.2352699,177.5401609,166.8537663,155.2082618,146.8963106,137.5962192,141.6990421,139.148385,138.8539506,137.9373237,138.3293472,139.1979664,140.5727976,144.6316379,142.3644848,140.4152836,147.6956857,148.707131,154.2449283,150.6860817,154.4092303,150.4798681,151.9065942,152.158283,144.524627,148.3047224,147.1196645,143.9154809,140.4689293,137.8950115,139.5855403,132.0521679,140.4950056,129.9050118,128.0588538,129.2314693,122.5120316,127.1924143,126.1031205,124.0805771,124.6967165,124.3926119,115.6721225,119.5214178,111.9883824,107.2262636,107.8240202
BEN,Benin,2.517571086,2.45643216,2.662177655,2.803692658,2.779516721,2.965606851,2.828093471,2.946603654,3.042073559,3.162310729,3.319862901,3.512350528,3.742529182,3.676190949,3.766130562,3.983854703,3.720344856,3.696215086,3.663382933,3.660117321,3.838906929,3.930368604,4.035154455,4.055962619,4.388842137,4.169167977,5.111505767,5.391102438,5.408251492,5.754662742,5.974483362,6.505452818,6.955437172,7.319235903,7.636767855,8.082133365,9.340560814,10.05185393,10.16339302,10.68880313,11.54875109,11.64395256,11.59127929,12.31374384,12.94147212,13.49958376,15.17497139,15.51999176,16.93060835,17.1381175,17.66430321,16.18529233,17.05313869,17.35393984,17.76705269
BFA,Burkina Faso,6.308648225,6.341549646,6.005184767,5.715164342,5.873556312,6.038292561,6.209617975,6.373831645,6.613532795,6.916216759,7.119811358,7.412902383,7.799015912,8.05426156,8.260650395,9.183722055,9.537378053,9.901642104,10.20271547,10.44370957,11.30667898,11.89766482,12.02204279,12.31443411,12.70613261,13.12833646,13.54332625,14.03616695,14.45689243,13.84197054,14.18097057,15.85293598,16.24077726,19.54861027,19.80926284,20.47672344,20.95317904,21.82311512,22.97024925,23.47546842,24.3235874,24.9905409,25.95451357,26.97050311,27.29233295,29.00997735,29.87290024,30.99999872,32.60261532,33.77474807,30.195244,35.43688804,35.74263518,34.59211711,34.91774636
BGD,Bangladesh,51.00477141,49.79109111,50.53629614,51.01621234,51.50918617,54.36868586,55.19508946,56.8075555,60.91617053,63.55082838,56.7761951,57.73138808,59.78203353,60.12287653,61.3368166,63.63975354,66.1733868,67.76433319,69.94920772,73.35628511,74.87446747,74.98618634,77.64912131,79.41477334,82.33946261,88.46017652,89.97175014,92.5166026,93.61626547,98.30356668,100.3525967,106.952253,110.0242763,112.9936214,115.5866958,119.6730676,124.1989476,128.7306444,135.7709476,140.7132594,148.3305519,153.3106148,158.7051814,161.7984403,168.3119659,177.4622847,186.2098142,195.4505584,200.5389583,205.7443662,202.7429038,219.3649833,222.9793559,215.833653,220.8267208
BGR,Bulgaria,89.31911644,89.86460933,92.77799836,93.89725613,94.78538877,101.2826274,102.1283212,105.0979162,111.254211,115.2134514,118.7173176,115.1065958,117.1429685,116.0442165,114.0234263,115.4923395,116.5199719,116.5892722,115.8796601,113.9696947,100.7546175,83.49424914,78.7044666,77.43504628,73.89810441,74.81972436,75.42007909,72.52017209,69.56598712,62.50670544,60.86456326,62.8499723,59.56128062,65.69688784,64.06247279,64.97737736,66.25187567,70.03419353,66.92475569,58.66413328,61.6397103,67.30194424,62.43532258,57.04642212,60.52574395,62.7185803,60.3088917,62.56828989,59.35961311,57.79355351,52.58253794,59.17193945,62.74319686,49.66466567,46.67657436
BHR,Bahrain,18.65970012,18.82090394,19.67631203,20.96171666,22.47907417,20.21092525,21.14297242,24.09930778,23.87627244,24.69222963,24.55222829,24.7297665,24.85477396,24.55002958,24.68971184,25.34072175,27.71458617,27.1124639,28.09937089,28.33241928,29.06650208,28.6159878,32.82740079,34.93095026,34.87731432,34.73846611,36.05759946,33.45156097,34.97141121,37.02865161,37.58649034,38.60968848,38.11301803,37.75971115,37.69489602,41.15232534,42.76966781,43.8799101,47.36920004,47.95216032,48.29422545,48.66251482,52.42562178,56.99491937,58.81569808,59.0053111,59.23952844,59.07591275,59.12878887,63.03720858,63.24634666,63.50617439,64.9133503,64.90221299,64.42217709
BHS,Bahamas,1.559741792,1.594251566,1.859471756,1.856046381,1.63833202,1.679420018,1.503301897,1.657837545,1.681993713,1.73127449,1.709653956,1.52866559,1.286875952,0.993972373,0.98457726,0.896536641,0.93630146,1.07823032,1.102799433,1.264596552,1.307159094,1.202051033,1.0671124,1.094577357,1.194663501,1.356608296,1.496366201,1.510781145,1.711847777,1.562707764,1.258417548,1.259066205,1.359898372,1.081109464,1.155205284,1.145328172,1.388559193,1.616903441,1.669106707,1.436508375,1.592771597,1.170505876,1.33749783,1.420071596,1.466648092,1.453850521,1.584563249,1.721603636,1.553922765,1.806385718,1.530731471,1.815216401,1.780025752,1.789064743,1.843872618
BIH,Bosnia and Herzegovina,16.13352265,16.48765286,16.12035039,17.34096323,18.74150014,19.29930641,19.28807321,19.86486328,20.66338997,21.39444554,20.7964025,22.88628177,23.91845922,25.35943235,26.41285791,27.48327266,28.33687495,26.78004383,27.00101274,27.30306698,32.87180583,29.79112853,22.87634386,19.56835619,6.551437804,6.56494201,7.258565158,12.5596284,15.71877663,16.1431848,19.86754419,19.40512761,20.50384525,20.92076551,22.43376228,23.18114552,25.35591823,26.61274524,28.07494678,27.86050048,28.40902035,31.69636037,29.63932954,29.40294587,27.88598129,27.84637112,31.25250192,31.85224197,32.25590189,30.55297538,30.47485636,30.35171353,30.0732975,28.19944953,27.62666427
BLR,Belarus,94.13829493,95.32184151,100.4314275,107.3734381,114.2105211,120.4855794,124.249179,127.4336407,131.6297954,135.1764545,138.7391706,140.4758615,141.3571729,142.541704,142.4358798,142.5969911,143.042042,143.9280538,141.7381677,138.4979932,144.9712843,140.0917287,128.470016,114.3185663,100.7619939,92.07188524,91.93173069,91.9172328,90.2920197,87.7398377,84.98025532,83.5991526,83.4517808,83.82546079,87.2357834,87.96243112,90.82913643,89.57934538,96.34270807,93.48394333,98.52214227,96.13635407,97.81611938,98.19572885,97.4739137,92.587981,91.70338023,93.45912569,96.67753875,94.42817121,91.71811316,91.89157107,89.20303397,86.93305367,87.49136123
BLZ,Belize,0.241459962,0.255904321,0.273655381,0.280258337,0.281874913,0.299636684,0.294262672,0.310020465,0.314065746,0.315720856,0.319184841,0.315384151,0.315750813,0.340974701,0.332585747,0.330999091,0.358005999,0.345310422,0.33687653,0.377365439,0.437392483,0.455336426,0.454413034,0.433871247,0.437133715,0.419304458,0.401560067,0.495714632,0.516390273,0.535904057,0.471111453,0.492740459,0.505450475,0.534617315,0.513927929,0.537701128,0.631533395,0.659478767,0.671270955,0.729255068,0.770929611,0.741410009,0.716328861,0.780821583,0.736609721,0.790419435,0.814719286,0.856257919,0.856875585,0.991063968,0.917540128,0.942251271,0.973395904,1.001166694,1.034684117
BMU,Bermuda,0.160786345,0.162412088,0.193282545,0.194679325,0.175389541,0.208392763,0.191178601,0.209155665,0.209375716,0.207677024,0.206169626,0.179197192,0.177966982,0.183547797,0.196902329,0.192490087,0.188845717,0.276139299,0.320357163,0.393238069,0.281937373,0.256796806,0.207891208,0.229340168,0.227465584,0.228627666,0.232603823,0.238412213,0.243795808,0.246842697,0.177569798,0.176029676,0.193208244,0.198845697,0.200854833,0.214271946,0.260971624,0.307543248,0.309443444,0.273485427,0.338907109,0.179684565,0.204314242,0.224750593,0.300781151,0.258577659,0.341062473,0.314079361,0.328991263,0.330023609,0.239981455,0.270751227,0.283684996,0.296785397,0.305677232
BOL,Bolivia,26.78821634,27.83530858,32.47395733,34.04826051,33.85651071,32.58166313,33.94846503,31.68936925,32.80783222,30.78752597,30.10270591,27.91019061,29.24958969,30.13439082,28.39286691,28.63466724,26.34041987,27.45943297,28.18806488,29.83051532,29.42990107,31.31167194,32.62846823,34.94655056,37.03428624,29.4384603,29.46118728,33.88909319,31.39390225,30.55092665,29.99532347,28.58817901,29.75552962,30.78207944,32.10938614,32.70465116,33.83775455,35.84693562,37.05830831,38.45875739,41.82060921,42.67732716,44.50683871,46.31153299,47.36715186,48.3840759,50.11086079,50.77290435,51.47400551,52.39566751,49.24305947,53.38562456,55.43203061,57.21283484,63.75719764
BRA,Brazil,336.3371152,342.4555643,363.4536707,390.368809,417.5690386,439.3946688,474.9801135,492.9092267,506.6988196,530.3061855,557.5919186,543.5151348,551.0265148,546.6113274,567.5653559,586.4921124,618.1900676,634.8409017,650.3135328,660.0590149,649.2359864,676.336973,697.8057393,723.7353409,752.795669,789.7805599,794.4638246,818.7315561,833.8577145,849.0536205,870.3340768,882.1005167,904.5260445,934.4198419,983.4186807,1000.644867,1004.579139,1024.210211,1057.606705,1032.205789,1110.027088,1146.649547,1180.00879,1215.94309,1248.609297,1233.223204,1208.3076,1219.238859,1195.921374,1200.306041,1196.009988,1277.187041,1278.54217,1297.17075,1299.180208
BRB,Barbados,0.605281002,0.613923727,0.666911384,0.675691194,0.631783124,0.679311996,0.654469777,0.70752076,0.711245909,0.714794058,0.726348519,0.711641219,0.693623644,0.704019651,0.702306182,0.764124877,0.793580325,0.750396461,0.761826074,0.841289774,0.856180089,0.827574134,0.815627184,0.776808397,0.764767566,0.77664771,0.769821566,0.866618085,0.933184107,0.967177581,0.8392852,0.801078198,0.829208155,0.858344631,0.852956994,0.866620493,0.904144023,0.872365781,0.994040324,1.003405197,1.021237311,0.880021876,0.839883,0.924019867,0.86085576,0.912603609,0.967372678,0.877785583,0.976558199,1.067249133,0.865477216,0.851135823,0.890757348,0.888880118,0.912054461
BRN,Brunei,2.714191756,2.559049161,3.131927597,3.95030678,4.113544592,4.264845371,5.025380484,5.205379932,5.318259961,5.121196214,5.995810537,4.944190715,5.291076801,5.680294997,5.498856037,5.361972836,5.151183597,5.18376597,5.497552938,5.449249628,5.851626219,6.373631872,6.587151599,6.906302502,7.039199627,7.324419148,7.692890557,8.20214115,7.670511204,8.154317126,8.486169789,8.72979452,7.897674155,8.912117179,8.410288807,8.090840412,11.32359422,10.80877702,12.90579009,11.01841803,9.979050137,10.67793345,10.34150204,10.27876499,10.48716168,9.77723505,10.18527482,10.18288474,10.41195901,10.08214499,12.75563893,12.53426068,11.90679158,12.06124274,11.86548806
BTN,Bhutan,0.53398416,0.544172616,0.557888031,0.570365983,0.583819776,0.593734194,0.610976186,0.627411547,0.651326938,0.668975321,0.685205288,0.726772582,0.753557869,0.782579435,0.802069495,0.841126008,0.853690327,0.923116534,0.903216237,0.915686775,1.131056865,1.025244428,0.991166645,1.022125625,1.095356113,1.252343775,1.277195347,1.291688884,1.313240065,1.345115919,1.350354785,1.364659464,1.403782789,1.435564566,1.447652184,1.578354925,1.664511293,1.686610328,1.727774976,1.885640125,2.008316587,2.232833026,2.178622089,2.296131424,2.341231856,2.530882427,2.683648039,2.769377592,3.068551574,3.115900869,2.717409238,2.854098147,2.799528732,2.792712338,2.806317914
BWA,Botswana,3.408555979,3.53479749,4.107726738,4.336636447,4.929777361,5.495554728,6.321482291,6.871503304,6.626492608,6.709555234,6.917318214,7.16104675,7.374268024,7.097485029,6.847127045,6.538341614,6.710801634,6.831789397,7.86061879,8.363134774,9.270629735,8.281737079,8.52900926,8.356133869,8.409679904,9.441247365,8.565768058,8.796922487,9.6446059,10.34531242,10.94960127,10.24711233,10.03868374,9.468838565,9.427340493,10.1355334,10.01928466,10.1976581,10.8969606,10.27406944,10.65108546,11.32850739,9.908832794,11.81268983,12.8548097,13.19830742,12.37840704,12.84337752,13.75305282,12.42045334,10.95154741,12.2564744,12.5320745,12.60769684,12.09772959
CAF,Central African Republic,1.571964955,1.645542678,1.738961988,1.821412139,1.920573057,1.974407163,2.052771665,2.212961637,2.443679826,3.037537244,3.235788509,3.35961763,6.555363325,6.678040521,6.247178836,6.419209824,6.970572209,6.845448947,6.649165117,7.440605323,7.600666488,8.100855538,8.082018053,7.540971523,8.191391387,8.40091367,8.73791491,7.848136761,9.163311943,8.967942471,9.168303469,9.603349852,8.560762404,9.696292894,9.042823002,9.75254334,9.816422117,10.85821274,10.89240903,10.25140245,10.92275271,11.84382359,11.57866422,11.5254766,11.45612492,11.87857804,12.64990208,12.14151197,12.46942033,12.27454636,12.60289746,12.75629325,13.07899647,12.77766475,13.44428958
CAN,Canada,473.6505712,483.2268664,505.1161448,532.7384491,541.5737085,526.6556641,538.0770963,559.1454994,565.9376568,580.5142172,585.6635976,565.9217906,547.1993083,548.8146084,570.4927044,566.4066073,553.1904389,569.6176304,604.1542944,626.7589258,590.5156125,586.092272,602.6766222,607.8639539,633.8956212,649.8084924,667.7604006,681.3904472,690.8513163,701.3520581,724.3890068,715.4580453,737.7192275,757.2196299,745.8843906,767.1729414,763.1615737,784.7510519,760.7636665,720.4397992,741.3400545,758.5629653,754.6653932,765.4783478,776.273892,768.7544892,765.2449595,785.9246343,809.0595937,805.4996238,728.5112267,742.9301343,761.3626062,755.239252,768.0589211
CHE,Switzerland and Liechtenstein,50.60287493,52.45906557,53.20876344,57.18300199,52.53368615,50.01025037,51.89020837,52.40272664,53.70426821,52.50815396,53.33307797,50.69230619,48.3731963,52.53073789,52.09038142,55.21852444,55.1260482,53.31682888,53.1907305,53.02315935,53.9743914,56.38687619,56.14304622,53.60270354,52.63094356,53.43507919,54.02216204,52.58475163,54.13242141,54.27484047,53.51629003,55.02534307,53.39015351,54.6432618,55.2286164,55.92859026,55.26434136,53.23908343,54.82166202,53.34921182,55.13621649,51.12554115,52.48779107,53.74621446,50.09076421,49.44832071,49.94919421,49.04253589,47.75247645,47.55539217,45.17252753,46.91991232,43.68577647,42.87488698,42.99244073
CHL,Chile,48.9078577,50.93988253,53.49547203,52.56674166,50.8646139,47.62494629,47.65294555,45.51078546,46.0652066,48.7862648,51.35404677,50.77923545,47.04439969,46.90523542,47.91249793,45.7503886,45.50597704,46.00155043,49.92621779,55.23221302,54.7824606,53.33438041,55.16969639,57.66607134,61.41630086,66.52231683,73.65648233,80.35855446,80.9400764,84.37402839,80.96359875,79.23791015,79.7961388,81.96081084,87.4345921,88.0871768,89.45577747,98.21834913,102.6000967,98.96270478,101.6041026,112.2078812,116.2295976,118.7258463,110.9509192,116.6424168,121.9210716,124.59915,126.7867182,133.2976637,126.1560943,127.2098508,129.5282007,116.8374098,118.1208788
CHN,China,1714.421404,1747.006221,1825.162218,1880.933788,1901.671472,2089.245382,2151.92463,2337.553388,2548.354003,2606.605971,2584.943471,2564.329527,2662.998598,2781.818086,2972.975094,2990.58907,3132.161324,3319.728911,3510.808468,3634.848622,3712.743738,3845.508828,3965.076826,4171.73579,4354.601043,4762.328292,4771.004354,4794.633004,4898.208752,4850.392388,5063.8922,5255.074498,5584.83112,6292.884908,7131.53427,7974.396049,8759.338885,9356.343393,9576.295871,10196.87223,11062.04456,12056.806,12419.56698,12948.60799,13095.19744,12931.04165,12913.08702,13160.59347,13740.92992,14052.86225,14230.22955,14866.49358,14857.40109,15411.78344,15536.12168
CIV,Côte d’Ivoire,6.035294183,6.163894045,6.569912116,6.759905528,6.969070363,7.433502525,8.091687697,8.271312162,9.042421414,8.911427504,8.862462465,8.923693031,9.278388916,10.71116144,10.60306652,10.52156044,10.46090933,10.41579303,10.36954618,9.992779962,9.9375554,10.25378032,10.38701163,10.61673989,11.48108432,12.08902344,13.43984145,14.71751779,14.49667363,16.41477943,16.32410588,16.53203745,17.30991813,15.85138437,16.65889495,17.59576842,17.74817402,18.15911582,19.01811836,18.4168215,19.82032716,20.44448458,23.02506929,24.339416,25.28680879,26.37505201,27.50205338,28.42543645,27.90653943,29.81058157,30.14062079,35.05612587,36.52083708,36.72882839,38.02669712
CMR,Cameroon,7.739676191,7.776725534,7.566922386,7.601161155,7.799215941,8.476814748,8.78748723,9.776498866,10.64708322,12.90449463,15.82626834,18.58184315,20.42340636,23.00033995,25.72920589,29.9399737,30.40168548,30.29805574,27.77564634,30.43270034,30.08481993,29.30028994,28.25997077,27.49323059,26.68698188,27.28352402,28.54815059,28.04348796,28.71546351,29.36515562,30.69292405,30.81040495,29.612554,30.35521,30.10982108,30.3051906,29.59337593,30.40099123,30.18985538,31.06962507,30.50042139,30.19339396,30.96938502,32.88961751,35.29246645,38.55346012,38.97924276,37.75464094,38.16957041,38.89189876,39.5947256,39.83620566,40.34845061,40.35804308,40.62185592
COD,Democratic Republic of the Congo,9.721169036,9.962908477,10.24340009,10.45820835,10.8115029,10.97485644,15.72005689,15.59277189,14.91748817,15.97412089,15.67133751,16.16990504,20.89141598,22.95581135,26.2854409,23.57044041,24.80595534,26.0579685,27.16592992,24.4192625,25.33228249,23.02243124,23.64096729,25.47571986,23.33818592,23.98555274,25.08512873,23.76617145,24.49950854,23.93430234,26.349049,24.36693597,23.23550641,24.50756095,25.03461071,25.66967876,26.23620253,27.00444829,27.68234519,27.67425016,28.80280743,29.87862362,36.802197,38.76012225,40.73468041,42.25704666,42.75125123,44.4243521,45.10859185,46.79263529,49.62777991,52.84403574,55.97796826,57.20102858,58.49169099
COG,Congo,2.469303016,2.748458154,2.957797276,11.46557419,15.78280175,10.31419675,10.30804547,4.850375603,4.457809771,4.608141444,5.540244472,6.584672659,7.399902851,7.539192938,9.033642831,8.85734088,8.770103627,9.394718864,10.26852501,10.91188813,10.90298708,10.78375629,10.85850975,11.19678548,9.809615154,12.13379505,15.6656427,16.31544783,19.57949164,19.9456919,21.66968004,20.20907212,13.24535484,14.97179964,16.16165435,19.76782899,21.76429568,18.70858093,18.5280637,20.20336985,22.00410535,21.12532311,20.35962433,19.77876836,20.21224025,20.05035081,19.7518419,21.42159571,25.10154805,26.26869819,25.15441461,23.29799937,24.42101069,24.41663341,24.62302646
COK,Cook Islands,0.027527577,0.027746246,0.028179026,0.032798213,0.039161417,0.034439125,0.041098333,0.041944606,0.041901227,0.042569348,0.044211246,0.072348925,0.070576873,0.069008922,0.061650184,0.066182466,0.046053136,0.051370769,0.051935264,0.050238835,0.051927841,0.039895438,0.05794624,0.059697136,0.062024912,0.057736701,0.058570207,0.060345172,0.062367925,0.060820368,0.073816524,0.073628961,0.045890819,0.043010391,0.062668509,0.094920169,0.097834009,0.085687597,0.087527318,0.079233875,0.0965046,0.107159555,0.112120624,0.117220895,0.124206638,0.113169637,0.118666379,0.11366546,0.122282398,0.122172408,0.086325324,0.097218247,0.107110863,0.107502925,0.112081296
COL,Colombia,82.17172718,84.94986817,86.87432232,88.9806547,91.66402586,95.7442562,99.92738871,102.3835222,106.0702758,106.6067201,107.5565291,109.1941283,111.5518879,112.7511968,112.835374,114.9848891,118.0169743,122.9113136,124.9551405,128.8742986,132.2350965,133.8009533,139.083797,143.613646,144.9581179,150.1112531,150.2391619,157.5924831,159.5553058,147.7485526,153.0725297,153.8538754,152.607141,153.2679318,153.8664742,157.5663404,156.4088951,161.2139045,162.3420024,167.7937448,173.7982325,177.254667,175.2878487,185.4022205,185.3513922,187.044393,190.7726058,187.1257675,195.8783053,201.0933285,199.6455172,212.6988857,209.7607635,215.4766194,217.5857301
COM,Comoros,0.193725764,0.197570395,0.200359703,0.205118866,0.211433155,0.216526105,0.224409044,0.229517864,0.235134009,0.241064709,0.241036862,0.240139241,0.237441903,0.237695396,0.238956057,0.235769525,0.223666999,0.25701856,0.25872847,0.262478417,0.311727906,0.300766283,0.298427442,0.304455922,0.310589312,0.32147594,0.332041293,0.337975557,0.359815575,0.386031336,0.419401,0.424043212,0.435842445,0.460181043,0.479461159,0.484382127,0.515387297,0.465087069,0.471272244,0.506071501,0.535042168,0.529017806,0.542476945,0.581961192,0.570482571,0.592634377,0.632496558,0.702211536,0.656801035,0.692166773,0.745241359,0.875926594,0.919501989,0.936895964,0.949389088
CPV,Cabo Verde,0.22829343,0.226429928,0.22914819,0.23096896,0.23901291,0.244728414,0.252665721,0.260726713,0.266458618,0.297713459,0.29700267,0.290394017,0.173658304,0.170144627,0.186628457,0.192812263,0.12819783,0.154608412,0.179262213,0.192974834,0.215668079,0.24029082,0.268648147,0.271856788,0.268867654,0.297996767,0.286267621,0.301709404,0.322342728,0.342356899,0.529156661,0.565690646,0.606163471,0.543876425,0.580534836,0.803005994,0.854711926,0.941285548,0.917216659,0.908336157,0.955864179,1.080254572,0.956802883,0.942740799,0.989283105,1.009245045,1.055018903,1.098716181,1.003850124,1.050893651,0.844169886,0.872583659,0.909812702,0.883040399,0.912564448
CRI,Costa Rica,5.966437228,6.109637909,6.469532603,7.010656,7.009990237,7.384888631,7.476022351,8.24294267,8.663285115,8.874618331,8.718555558,8.816804756,8.437815358,8.773105215,8.970798036,8.862055993,8.936187844,8.95562329,9.072923518,9.371579071,9.594853169,9.880354459,11.07371978,11.07981876,11.49946251,10.95806541,10.91396413,10.93136468,11.49302982,11.25274318,10.98807383,11.13742202,11.15176553,11.58412219,11.85626568,12.2623748,12.83173095,13.94191902,14.12307256,13.94823164,14.10678641,14.52761361,14.12832538,14.47252405,14.69240999,14.49079213,15.17187543,15.51893922,15.99829329,15.85293249,14.34765351,15.42777235,15.68503925,16.72671836,17.07687228
CUB,Cuba,42.48445076,40.83203998,39.94252883,41.7924392,44.02781501,45.00612371,46.91398633,49.43962947,52.16797151,53.2072331,53.61538317,54.16217109,53.52581469,55.80262185,58.74184536,55.97218514,56.69087984,59.61336442,61.29827588,62.81570636,59.03175526,49.70876873,42.95243063,39.1490821,40.14986546,41.10778267,43.85973442,46.36203166,45.23480102,45.72569116,46.0278619,44.45709643,43.06071423,42.15162209,41.3099796,41.51186195,42.84363474,43.84613497,43.26765669,43.74914735,44.54077522,44.36567631,45.4923537,46.00971604,44.11342608,46.21380106,44.14076321,43.10980413,43.4530375,38.99965052,34.48396485,37.74225157,34.99699281,35.0999499,35.98571715
CYM,Cayman Islands,0.036091552,0.038473334,0.04715865,0.050191085,0.048661092,0.059315497,0.057944044,0.065764355,0.068687195,0.070866976,0.07332363,0.075168957,0.076109022,0.085006625,0.085080019,0.087986788,0.096667773,0.107360774,0.120477149,0.123376014,0.129792801,0.127970664,0.130810921,0.122347946,0.143123103,0.149942566,0.149448213,0.153776769,0.158133406,0.160647367,0.15122822,0.150861494,0.163861228,0.172136919,0.161352622,0.169189744,0.187396088,0.230495289,0.249138802,0.253244048,0.273450096,0.225128579,0.216398644,0.242747229,0.258831058,0.278358679,0.29148534,0.309854916,0.338914268,0.425413748,0.36328229,0.345773787,0.391219535,0.392726705,0.405936544
CYP,Cyprus,2.968103409,3.013069306,3.509809967,3.629695689,2.88867595,2.815946137,3.261798917,3.444847622,3.58535695,3.782626297,3.969589764,3.84908659,3.939256286,3.943275609,4.02628463,3.987151814,4.349987883,4.944674141,5.016544031,5.271391886,5.581429011,6.121625939,6.527066342,6.814454168,7.093187642,6.985506638,7.382255998,7.460274448,7.79205944,8.071944372,8.337122849,8.262519295,8.489635615,9.169332749,9.123835094,9.233541004,9.352051902,9.665153162,9.876658442,9.68368377,9.353509885,9.136699607,8.603970511,7.92458117,8.339705869,8.406475738,8.828700063,9.03294856,8.934440039,8.97687006,8.612908415,8.756337237,9.055426358,9.107764356,9.343180513
CZE,Czechia,220.0943646,221.0153371,221.1156656,219.3419262,202.9017922,210.733422,216.5951806,228.449087,226.5263925,236.9222008,229.7946691,230.1927048,232.1521764,233.2528547,236.5189864,233.3289057,231.8285889,231.5446844,227.656711,219.7438767,199.5816416,179.9960642,172.1907134,165.7469109,158.0029566,156.9917974,162.0866932,158.4915689,152.0616072,144.0564747,158.1380646,158.193695,152.4268287,155.5017207,156.2949694,153.1457367,154.8528921,156.6909839,150.3401757,143.2321141,145.0687226,142.5795739,138.2692566,133.7777647,131.9113467,133.5259652,134.6852577,135.4786117,133.8590235,128.1938798,118.2476574,123.5248968,121.9162153,108.8331133,100.3792061
DEU,Germany,1325.314845,1317.754608,1341.96007,1396.902032,1363.117814,1298.818346,1361.93266,1337.838512,1379.56414,1433.043001,1379.371843,1342.73402,1292.20304,1305.501495,1322.572119,1323.133542,1311.8178,1300.571555,1293.085369,1280.578681,1235.632889,1210.166685,1146.5932,1132.911122,1118.78018,1110.487324,1137.309394,1099.176289,1079.099168,1037.348345,1033.124998,1041.652389,1021.946065,1024.375599,1007.159948,980.8166804,987.4568867,959.3779017,958.3079551,892.9403422,939.3062031,910.5429355,921.435375,938.5372071,899.2231649,904.2443494,906.9210134,890.4564853,859.305944,806.0432538,747.026787,773.6885913,758.3871834,685.6583596,674.3583263
DJI,Djibouti,0.982605602,0.997873129,1.003500016,1.034725423,1.110225942,1.169247055,1.218514854,1.296514103,1.340199708,1.496516485,1.514322707,1.271840502,1.222868711,1.13202424,1.041603196,1.074810106,1.071167393,1.313758362,1.293211366,1.993891773,1.85070676,2.124037889,1.961574469,1.978542358,2.010444879,2.088575422,2.155332702,2.174699563,2.221283712,2.32555726,1.868211725,1.881406154,1.915821934,1.975558519,1.955968646,1.934861626,1.914056062,1.950501339,2.040392855,1.934534406,2.014625074,1.843095261,2.037290925,2.136095027,2.158143369,2.095764507,2.077763742,2.022400525,2.092715322,2.221568072,2.162620523,2.260187139,2.34515285,2.388353192,2.417344572
DMA,Dominica,0.032204862,0.034258134,0.036778996,0.038117649,0.038308705,0.041270331,0.041685975,0.044226205,0.04564358,0.047173233,0.048262485,0.053766222,0.053867793,0.054280255,0.057156381,0.059618745,0.060111572,0.071652262,0.07558368,0.079037169,0.079487123,0.079253199,0.079486513,0.09702759,0.109771244,0.117642708,0.12361061,0.121361819,0.09533433,0.121249108,0.113909791,0.114170213,0.108845146,0.116228832,0.120400558,0.119591266,0.123554853,0.137518056,0.135799233,0.137608117,0.140465172,0.124505885,0.120090957,0.12570863,0.133384301,0.138825029,0.144473125,0.135505103,0.137915795,0.153262415,0.144066418,0.14378786,0.148818819,0.149274975,0.152356897
DNK,Denmark,80.29583468,75.78800006,77.45123545,76.98250515,71.62866162,73.32009596,77.72652294,81.09656552,81.04229871,84.15121011,84.63087083,72.46325716,75.38550199,73.26263756,72.31222668,79.80107796,80.80375074,78.31677293,73.86221133,68.7271128,69.02149371,79.72645302,73.71168967,76.31052757,80.07545988,77.06397899,90.52363913,80.63306385,76.59207506,73.52466065,69.52347418,71.10020882,70.26505351,75.76855039,69.68765997,65.97091795,73.17473141,68.67706695,64.97629376,62.74258517,63.12920561,57.81704324,52.95977787,54.55424308,50.38496476,48.23852333,49.98395699,47.70304083,47.66809862,44.0304397,41.8742243,43.25627625,41.55350423,38.94605606,38.26462931
DOM,Dominican Republic,8.646895646,9.228855046,10.57505969,10.77383969,11.75564157,12.2574239,12.6069824,13.16508423,13.15731489,13.81144944,14.06658545,13.48390794,13.76430707,15.26034921,15.5885523,14.56277037,15.45261554,16.87990512,16.96967783,18.00407382,16.65474021,17.45897975,18.71116246,18.77702178,20.44892456,21.1833413,22.38664204,24.29319021,26.45470907,27.06028934,27.61603923,28.23143315,30.62387731,28.3248559,27.77504477,28.96798935,31.1963672,32.30243973,32.56125212,32.12943449,33.5340931,33.90064023,34.78821247,34.48693851,34.99987303,37.41138337,38.79505099,38.03808678,40.38469077,43.59509903,42.51287213,45.82034098,48.84682744,49.80177391,51.58079848
DZA,Algeria,56.30494215,59.6942246,81.80449021,94.5108521,84.23132888,80.58243762,94.97691966,103.3824977,112.0138798,113.4489361,109.0937291,102.354349,105.5035669,108.0938766,113.2958342,124.0419624,128.8837308,126.8365701,126.8524367,129.7728124,132.0025603,132.8174546,142.9080101,145.9061584,144.3705536,152.5230574,151.5478615,142.0393984,141.1603134,145.3804201,153.6761865,142.9341166,142.3188028,155.9363468,153.9169467,158.9640519,167.1978811,166.8475133,174.8589472,170.941361,178.7393619,185.3148996,201.4690512,206.2920474,218.979713,228.8334099,226.6875774,231.7154187,240.5805887,247.0899292,233.8310501,245.876221,255.863348,258.9389596,252.6999971
ECU,Ecuador,12.42698801,11.75048819,13.40387048,17.21236223,18.09152524,18.67737556,20.64082084,22.29598103,23.84326317,25.29828685,26.31957415,27.97891477,28.26959178,27.95223335,29.93701016,31.38564789,32.35575793,29.240376,33.83603633,33.77123364,35.32570759,35.99256792,38.41182208,39.34412735,41.51733253,44.21885342,48.55808586,49.82869709,47.79770808,44.33881528,42.72612585,46.67544798,46.87524597,48.95181061,52.70945605,53.56791226,56.08640513,56.3220245,57.91550813,62.05559741,66.04675704,66.62305483,66.96287394,70.25357156,72.19481914,70.91066806,70.110174,68.62617783,69.31497297,69.75359134,63.96262292,68.46669075,70.85651221,73.19976791,74.40855059
EGY,Egypt,59.15851669,58.56286145,59.46595427,56.64165593,60.98875872,65.53694374,73.34041023,77.01150008,80.0726735,84.06265021,90.22137806,97.21944814,103.6173899,111.3250239,120.2739395,125.7647875,128.449326,137.4806776,139.0924287,145.3574119,149.1836356,159.0324498,162.029939,163.8677295,159.5338778,169.6679775,180.063879,187.4375535,192.1676095,205.2826358,205.5178791,219.4727098,225.6517046,230.8976445,245.7040953,264.5886998,276.7798656,291.1198889,294.1135433,301.7206387,301.7043305,311.4754041,326.2502957,320.1896261,325.1376584,331.5431729,344.7620579,357.5541393,352.9856196,326.4248716,335.7242181,352.5479574,350.4004061,369.7261692,386.5982285
ERI,Eritrea,4.106027916,4.136925684,4.087703672,4.131778841,4.096843385,4.006187872,4.008081499,3.995727655,4.053521666,4.126919507,4.178572728,4.241959131,4.251596903,4.367857425,4.272892544,4.378377268,4.469504568,4.427760503,4.495623102,4.631499745,4.70438024,4.804429441,5.036224364,4.255754023,4.465091057,4.588243855,5.068508384,5.461572825,5.209439446,5.337786032,5.432278781,5.350974359,5.305669915,5.424077102,5.495449116,5.464489795,5.31644065,5.533686873,5.481284235,5.542575062,5.536700573,5.819166119,5.889324816,5.920066026,5.973800281,6.006570415,6.093899038,6.095220806,6.209392347,6.272248704,6.309533274,6.402913921,6.495019736,6.537006742,6.579257989
ESH,Western Sahara,0.222177037,0.225354231,0.238266619,0.242934048,0.253080967,0.26514798,0.27351613,0.284957349,0.289575232,0.307848347,0.327157594,0.319182373,0.33026782,0.33431115,0.337717859,0.358339221,0.36770172,0.413807515,0.40732451,0.398957117,0.403597291,0.440810149,0.423917707,0.417750063,0.422668304,0.451989234,0.461306974,0.475482619,0.483455042,0.497437049,0.563518029,0.579446885,0.585373386,0.60139003,0.609318417,0.614045709,0.618199483,0.616460095,0.622220163,0.622611169,0.622082432,0.612472256,0.616988324,0.618585221,0.616394202,0.623973619,0.628416338,0.604072843,0.617008436,0.632672575,0.604440761,0.65654631,0.687905706,0.714425911,0.735414023
ESP,Spain and Andorra,188.7197582,186.3124198,199.6399831,213.9806986,227.5326158,233.8649604,252.6156331,245.4197327,246.0897732,258.8852435,272.1910321,277.1215824,272.9246748,275.1018608,265.9839001,258.896875,264.1091672,262.4363852,270.1913779,289.6131858,294.5470095,302.7543863,310.6037554,296.1112275,308.8733212,325.0228146,317.1930032,339.8332361,349.8660712,374.3480587,392.4455625,389.9998822,408.1296101,417.1298958,434.2036527,448.8606972,440.4547901,457.4613351,422.1464374,381.9898366,369.0797521,368.775559,363.8889972,334.1025586,332.7515249,344.1543551,336.1589624,350.3164018,342.6506758,324.2335718,283.7112646,302.6753058,306.6168241,286.8651232,285.6383222
EST,Estonia,26.16228102,26.3226676,28.28544108,31.67680385,34.81096364,37.45826735,39.10797824,40.53635731,42.95730619,44.48638315,45.97054859,47.03906032,47.23425413,47.0672307,46.08004086,45.30521273,44.31629969,43.73225949,41.72737532,38.45553435,45.60879955,41.93211441,31.46340511,26.37242069,26.65063979,24.61176737,25.61086926,25.14218669,22.99072473,21.37318933,21.76102133,22.25614848,21.54028127,23.56418519,24.15190796,24.08259063,23.41755596,27.22877979,25.1666032,21.81734477,26.75668219,26.87632692,25.8530455,28.40311419,27.63183202,25.91060283,25.29900145,26.78213813,28.5446615,19.87528824,16.0162456,16.71891315,18.74401948,14.98430473,14.12920184
ETH,Ethiopia,55.65807867,55.99040227,55.4528965,56.01468329,55.9337045,54.39698251,54.22859693,54.86659729,55.43140115,55.94245236,55.91377913,56.35558866,57.41678679,58.99777219,57.51124841,59.89985235,63.2646845,61.0578193,61.92082091,64.9792932,66.77577195,67.66694612,69.5141864,64.49840996,67.1073615,68.22377332,71.67339894,74.06054542,79.05611305,79.14539034,77.08088619,82.5438206,90.30859052,89.58947659,92.11786106,95.53247794,101.3472702,110.9998851,116.4715381,121.1547311,126.8017696,126.6653981,131.8641748,137.0357622,143.1732812,147.7179197,154.2916211,157.8414247,162.6821764,173.8742496,181.5333937,176.9605636,180.4635544,188.4469351,192.7040067
FIN,Finland,58.24325497,57.60683535,61.24526409,65.61662717,61.83659931,61.5922418,67.4983907,66.95674809,74.03549871,74.21315345,75.10137464,65.4783362,63.53751576,62.5915336,62.94467452,67.07170956,67.32569219,72.00845157,70.53382592,70.51058675,73.04068519,73.41712322,70.1412939,71.62252634,78.66325718,75.32280986,81.58963009,79.63206893,76.88772889,76.14972083,74.687583,80.71707815,83.01254107,91.62207609,87.93503211,75.20585704,87.46374353,85.63339527,76.72808551,73.11975147,82.93813123,74.70145528,68.64186052,69.56400342,65.5626288,61.79119342,64.60736358,61.54733014,62.98031322,59.60703917,54.34646983,55.40259741,54.09155972,49.87398413,48.67899597
FJI,Fiji,1.363120326,1.385281136,1.448168298,1.619975449,1.841437945,1.680847954,1.677982544,1.765251499,1.754962507,1.886594905,1.985593919,2.042013037,2.03269349,1.839136955,1.735429748,1.857780659,1.917230678,1.848279417,1.854330384,1.996007703,2.130431411,2.02231052,2.159959476,2.315800996,2.42523442,2.463792216,2.512084719,2.550902412,2.518397986,2.610828956,2.78607471,2.927910257,2.624865766,2.855142216,3.345500029,3.096234415,3.240462717,3.106535404,2.675453506,2.432751022,3.072648004,2.614938005,2.581889843,2.774327913,2.479341566,2.539110027,2.533812022,2.537775676,2.676894397,2.757006046,2.147926897,2.372339197,2.525598368,2.648905942,2.75089881
FLK,Falkland Islands,0.155746338,0.156390967,0.155623286,0.147737648,0.148964745,0.153316772,0.153150799,0.152117112,0.15357456,0.154033407,0.154260939,0.15082526,0.15219736,0.153964063,0.155946595,0.158792986,0.16022377,0.154890923,0.161245747,0.173116637,0.164788901,0.162936105,0.157255245,0.157338402,0.161277429,0.165644338,0.151857691,0.162174781,0.15461573,0.152132325,0.15472669,0.151961116,0.153097879,0.155465294,0.155705263,0.155922363,0.158984362,0.161799705,0.162573861,0.164185053,0.164003665,0.160015023,0.16083075,0.162799942,0.163809268,0.164310804,0.166031172,0.164286726,0.161497591,0.164381767,0.165196641,0.168007771,0.169551479,0.171434137,0.172894957
FRA,France and Monaco,634.0024739,644.7202335,661.4684149,699.0736089,680.4051597,638.4788603,683.1787558,665.653244,683.1796181,692.0037207,668.9862163,617.9200254,597.7787483,581.9781774,569.840116,554.1965199,541.2669532,531.3688506,528.394229,536.4456186,530.8999574,561.6962738,546.9112933,524.3386496,518.6118464,529.1787688,547.1546266,533.362838,545.644926,538.1658619,538.0612964,542.4664947,536.0792815,539.6476563,541.1637065,541.8791571,528.1981283,522.8757459,515.5236225,501.2922858,510.8051036,493.1714495,495.3533448,490.0010539,455.8540955,461.670681,462.9621948,465.7703968,452.349071,443.901421,401.5863671,430.8782195,417.1810199,390.7429051,378.1201903
FRO,Faroes,0.08792297,0.087032916,0.087961542,0.088109467,0.088262674,0.088219663,0.089501037,0.08961397,0.089391257,0.088826377,0.088840677,0.088618451,0.088493401,0.088819204,0.088948803,0.088835664,0.08885185,0.089423441,0.089560572,0.089695019,0.09007622,0.089834236,0.089664281,0.089799174,0.089817238,0.08968217,0.08964104,0.089797897,0.089744122,0.089922565,0.090155398,0.090853024,0.091053261,0.091189162,0.09129671,0.091151453,0.091078391,0.091140927,0.091027746,0.091186515,0.091169054,0.091495279,0.091777235,0.091872677,0.094211183,0.094426104,0.094709278,0.095113204,0.095409324,0.095250453,0.095788238,0.096081678,0.095653913,0.09645907,0.096616748
GAB,Gabon,6.830731418,7.35085198,7.920375307,11.8748061,14.55025559,16.75835697,17.62321965,17.39956066,17.3734156,16.4754717,15.38883514,14.52190354,14.89128465,14.43378065,15.82043868,17.09160071,14.60992715,13.62421956,14.23867102,17.34520813,20.42420472,19.6005666,20.89302218,21.55058426,21.09472562,23.58147161,26.5686808,24.53593996,28.52064924,27.15821163,27.94836691,28.01479182,27.0927509,30.18827251,27.92960265,26.27755338,22.63620505,19.56239238,21.04069429,20.46304229,21.00566817,20.70405018,20.592694,20.36092864,20.53876434,21.39914505,21.44363363,19.69580711,18.34446242,20.2552473,20.08623515,19.16909528,19.93819505,21.55332212,21.78199182
GBR,United Kingdom,869.8715793,865.6066171,845.4663601,886.36579,836.5490991,825.1765436,832.3453747,837.726161,835.7817619,875.853277,811.0208081,790.563561,774.0438406,766.9966174,722.8289487,765.2291053,788.688338,788.8466251,785.7679074,769.855205,778.1310921,788.3788928,770.6952669,750.4328521,737.4014801,734.7260994,755.9060025,735.4772911,730.3316071,717.6552148,718.079148,724.328042,705.8174982,715.577375,710.5495868,703.6284509,698.5336687,685.4282939,663.2772999,607.9304651,622.7241409,578.6500235,599.4118245,585.7784419,544.7089643,527.8980282,502.4784788,490.8399732,482.1679817,464.7090064,421.5411439,437.8694404,423.3671645,400.6094991,386.6957166
GEO,Georgia,29.39079538,29.36873021,31.00064888,32.67773748,34.15133639,36.2188726,36.72760952,37.08493288,37.96427627,39.14261739,40.03088833,40.42271198,39.97090979,39.38633169,39.2016296,38.78573276,38.42518337,38.91022759,38.3705586,37.15361321,40.81956148,32.72482958,26.86692456,22.49231811,16.29175279,13.74610305,12.46669506,11.7554743,11.14366987,10.68998998,11.24137342,9.620948964,9.689674737,10.24725258,10.53420251,11.15171273,11.78580918,12.66921288,11.78092639,12.78120606,12.18963812,13.62460393,14.79795196,15.73513848,16.53460676,16.7895685,17.2102603,17.2876135,17.14667947,17.8789828,17.52754771,18.56031385,19.70644634,19.65280835,19.6028247
GHA,Ghana,6.845152618,6.940058645,7.358494904,7.497184021,8.100143469,8.187813382,8.310066384,8.486425695,8.29627523,8.380825697,8.421598376,9.044333455,8.963262034,7.452535279,7.921872562,8.562195726,9.193817796,9.64387516,9.862801004,10.5592398,10.47349886,10.70397165,11.24959911,11.57706556,11.97967163,12.39017883,13.06574097,13.42182618,15.15446412,16.07807121,15.54059244,16.15541266,17.54193364,17.21055061,17.11975554,17.87664969,19.81973832,20.37349548,22.03728414,23.1532971,24.49869064,27.52218091,30.36376609,32.47046709,32.66555272,33.95998064,34.63066963,38.43209284,40.45749094,42.69472894,45.70002384,46.52969894,46.91791862,46.82251112,48.0939489
GIB,Gibraltar,0.081467147,0.082546609,0.072507267,0.073048036,0.073062602,0.076223914,0.075610839,0.07252673,0.069364218,0.09231663,0.107691151,0.101233361,0.111354285,0.101706273,0.098372279,0.104650765,0.130739257,0.142545008,0.158214673,0.151529535,0.15786348,0.217715831,0.256464052,0.259626575,0.304397578,0.298034632,0.304331411,0.313914851,0.329779985,0.342434391,0.358224288,0.367650068,0.37400287,0.380371104,0.412165032,0.424803737,0.443839637,0.440742333,0.450108519,0.491240053,0.494500477,0.47876386,0.488424937,0.520139294,0.558245659,0.608941967,0.634685573,0.672998196,0.713676298,0.741741044,0.662402341,0.664686479,0.659070953,0.652701414,0.658904527
GIN,Guinea,4.324650355,4.342672767,4.405677781,4.53052106,4.643916652,4.783803397,4.845817725,4.905710585,4.951306809,5.08001816,5.106230842,5.134290287,5.416262763,5.566972548,5.551777556,5.381643401,5.110586129,5.76793795,5.984127188,6.219523329,6.897694379,7.211155359,6.763424443,7.090751455,7.549005492,7.808715505,8.850269074,8.160341524,8.549165074,9.747851917,10.50014904,10.77213042,11.18840014,11.67627505,12.09362599,12.56140922,13.09219751,13.5627771,14.15579057,14.72994096,16.59792905,16.85254366,17.43316441,17.89956748,18.49472213,19.74324686,20.95971446,21.69028903,23.01029367,24.91067673,26.29124055,27.11310403,28.63672801,28.61512963,29.37591394
GLP,Guadeloupe,0.412771164,0.41984697,0.446343994,0.45797867,0.439739516,0.473503052,0.473683701,0.494031524,0.504516558,0.507805943,0.505585457,0.572535518,0.614332632,0.649942654,0.710419946,0.692329687,0.691110038,0.757491673,0.838302523,0.886860088,0.932814864,0.98363563,0.932052138,0.976451534,1.018449585,0.9984799,1.030625353,1.072874648,1.082760826,1.05686455,0.873812531,0.902296226,0.988328048,0.987664033,0.954510656,0.963083751,1.047389125,1.094364115,1.109887986,1.170328956,1.296989022,1.394581512,1.393856175,1.396291418,1.400118752,1.408313886,1.409817274,1.409164644,1.411933477,1.410610319,1.409195536,1.408905889,1.408614282,1.411036575,1.448909554
GMB,The Gambia,0.605233765,0.624859392,0.626365545,0.631295092,0.650248,0.669556956,0.664106269,0.674049132,0.707853502,0.724369455,0.749155006,0.758328702,0.755731479,0.749002867,0.74194361,0.766913207,0.780612498,0.875781629,0.889967285,0.883105596,0.92666575,0.994344997,0.976668409,0.98788128,1.030236533,1.041778054,1.057244533,1.058828226,1.088022053,1.130874259,1.247215346,1.241116694,1.266501374,1.392206997,1.446867559,1.481832456,1.543379913,1.577443511,1.654512171,1.832535131,1.879374802,1.736818262,1.733496947,1.816070088,1.929698898,2.022491824,1.973075691,1.915404636,1.761697468,1.805526672,1.747000607,1.740892651,1.816266835,1.842396336,1.859505153
GNB,Guinea-Bissau,0.673097636,0.670432442,0.703889481,0.709091302,0.762227298,0.866466776,0.930572173,0.941684935,0.922003125,0.959564868,0.994419329,1.083240278,1.262653311,1.24149564,1.267387808,1.254136363,1.279376263,1.402784383,1.425466853,1.505253837,1.651364085,1.72588369,1.719001401,1.752234468,1.786080792,1.84289305,1.864674067,1.860399662,1.871278506,1.955395596,2.001110737,1.967716911,2.009161046,2.073326902,2.094251324,2.152230939,2.249898963,2.359006365,2.438001272,2.574755773,2.703097249,2.701073917,2.810399592,2.891681828,2.755335007,2.896541816,2.961865796,2.86984154,2.973385882,3.038121907,3.04568234,3.087985529,3.145361092,3.148825505,3.18863325
GNQ,Equatorial Guinea,0.125124013,0.125456741,0.131480678,0.108656696,0.115515645,0.118998455,0.122394835,0.123003994,0.159046153,0.15702924,0.162435221,0.173243157,0.170988071,0.144917756,0.156839132,0.148172938,0.156457753,0.177408749,0.175321356,0.191965781,0.185197444,0.192560684,0.195001093,0.212982807,2.820867382,3.212300085,5.33220856,7.638068708,9.480866445,10.3766114,12.06656075,13.34032157,10.48441686,11.72329759,16.18458641,15.59502183,16.94131623,18.13339792,16.98969174,14.34621784,14.99099067,15.04662411,14.84383898,13.98825011,14.06465205,14.28147726,13.1734775,11.77783994,10.64948105,10.02438103,9.769521729,9.297521516,9.125476113,7.97467531,8.138701943
GRC,Greece,44.5575169,46.13115234,53.5013431,56.91591319,57.10904468,59.1376455,64.40632202,66.63962736,69.56063274,72.96482466,73.17459356,72.73593222,74.33716711,78.00092932,79.91187273,83.37766104,82.93122755,87.98114612,92.92043545,97.54579389,98.29358484,98.06224488,99.94441288,99.92878184,102.4164952,106.7037367,107.5829019,108.7333148,112.8308027,113.9143885,120.0040893,120.7953998,121.3174002,124.6191444,124.7129413,126.7830426,123.3417415,127.7455013,123.2312409,117.4857011,110.7949398,107.9340147,103.4296074,95.84956722,93.02212055,91.440437,89.95667772,90.42582998,87.92042105,82.08057942,72.28334882,73.50603517,74.6243086,70.5979909,71.50007545
GRD,Grenada,0.052309981,0.054611252,0.054983585,0.055756403,0.053194457,0.054323798,0.055360413,0.058103354,0.05959901,0.059114291,0.058855581,0.06354778,0.062514655,0.062262724,0.063861114,0.063105606,0.066049814,0.0726457,0.075753626,0.076423731,0.092846041,0.09331079,0.095349457,0.102507428,0.113424584,0.107123698,0.111760915,0.137043527,0.125996763,0.127839265,0.103739492,0.105080294,0.110607582,0.11786066,0.11462202,0.120392124,0.130740476,0.14077644,0.149832407,0.157315359,0.169633694,0.142324546,0.145644491,0.173972243,0.162055358,0.169806249,0.180716276,0.181719589,0.198307914,0.237006898,0.210681184,0.218376654,0.228944372,0.233551764,0.240990919
GRL,Greenland,0.056463308,0.057479336,0.058592415,0.055225017,0.056021375,0.056285509,0.056278773,0.054819601,0.055708228,0.055980638,0.056560058,0.057856867,0.058510818,0.05871806,0.058814329,0.059346663,0.05965848,0.060087808,0.06042834,0.060797842,0.061139999,0.061085518,0.061143863,0.060972607,0.060807544,0.060682236,0.060571754,0.060340997,0.060261732,0.060064945,0.059308122,0.059486506,0.059344701,0.059703211,0.668532815,0.675559825,0.689559413,0.680120414,0.697321102,0.614812515,0.707914834,0.748437731,0.603678933,0.602509353,0.545417784,0.584526066,0.580882032,0.568087298,0.5730401,0.588746799,0.591994637,0.6131666,0.655491145,0.649980937,0.659254631
GTM,Guatemala,8.348794949,8.780484644,9.381901331,9.558069347,9.473535663,9.903608768,9.557221647,10.451013,11.05465298,11.77146613,12.25376263,11.8604478,11.53362103,11.40252869,11.70236021,12.02626782,11.70053939,12.11385517,12.27851161,12.70321009,13.07971503,13.67300316,14.83364676,15.82733035,16.21363335,17.43027842,17.41793046,18.05451132,19.96790322,20.57427707,21.6452321,22.52495544,23.63029589,23.5041516,24.33171917,25.62905566,26.24429273,27.31812607,26.77252543,28.11061133,28.21077037,28.79710048,29.77135372,31.44874123,33.13707369,36.23392318,37.84140473,37.31219862,39.58691458,40.97329677,39.54493856,42.51737365,41.48733294,42.99288463,43.47216809
GUF,French Guiana,0.111039311,0.111799528,0.131329294,0.13236254,0.119460496,0.141075632,0.130046475,0.144082515,0.146326395,0.147909073,0.149362197,0.13894117,0.169941201,0.215900484,0.190030898,0.178445237,0.224864326,0.282639986,0.279755887,0.316875995,0.359891497,0.411509699,0.349451353,0.431438076,0.407305081,0.454482573,0.481317248,0.498338879,0.540219865,0.52842912,0.317537908,0.292541741,0.280692798,0.322414521,0.328114157,0.329630265,0.327069527,0.349028311,0.363698745,0.461260628,0.462765161,0.492232584,0.506433918,0.506622575,0.510673053,0.51510122,0.527045388,0.526121406,0.532768307,0.538433613,0.541290035,0.550317518,0.554936544,0.577008569,0.586260187
GUY,Guyana,3.018331031,3.014056743,2.960216234,3.28080167,3.292713415,3.670377952,3.443072792,3.713951534,3.495494403,3.122573879,3.330385924,3.326666889,3.129085494,2.853594779,3.044441539,2.902779721,2.851986516,2.828009191,2.86855332,2.650315999,2.47166348,2.609758521,2.662070467,2.827693832,3.131036533,3.487360056,3.565440122,3.764893996,3.704130522,3.773988641,3.513125324,3.471620774,3.325353609,3.531068155,3.47377164,3.193018273,3.016826188,3.326649199,3.401232579,3.48894243,3.69687694,3.822918193,4.042896422,4.187999183,4.461554329,4.559557212,4.633060456,4.787582059,4.858442493,5.192599054,6.255590247,6.309352733,7.790828124,8.586034971,8.730861826
HKG,Hong Kong,11.59602096,11.83086945,12.16889262,12.27965578,13.77173229,13.71311349,15.68220688,17.90800966,19.06903544,18.1906573,18.74944638,20.00010889,22.40614283,25.97729702,28.51678839,29.67285832,33.64723987,33.70897706,37.35589787,38.40457218,39.24540546,42.8758395,47.92487646,48.94423878,42.59623335,43.05888463,40.46928533,38.81985916,47.2359776,50.41319151,46.64371393,46.50672974,45.52239599,49.12863971,45.29797638,47.62746774,47.1060849,49.18641842,47.91823103,50.0209618,47.12741678,50.16369528,49.66254985,51.22243058,52.64973846,49.3687837,50.27642119,49.41575446,49.39599308,48.94776409,39.59885239,40.02796421,37.64080446,39.73067462,40.30705204
HND,Honduras,5.278477486,5.359395912,5.489229934,5.655312449,5.890456122,6.090912566,6.239963326,6.472080317,6.583530729,6.761306483,6.972781705,6.986935205,7.044542385,8.094038425,8.473447972,8.240695347,8.236939077,8.419915759,8.519656797,8.696208097,8.606516323,8.704128075,9.052163343,8.824458788,9.672656125,10.07897942,10.41459633,10.55180188,11.06999708,10.52997415,10.9712583,12.06380188,13.28895829,14.84705333,15.93516577,15.08260571,16.23379463,17.49504818,17.80386061,17.8018424,17.86421636,19.11922853,19.78324597,20.167837,20.13375893,21.19739327,20.26056488,19.76363765,19.6328676,21.0585048,20.40576418,21.73904416,22.20375289,23.78218755,24.38707079
HRV,Croatia,22.73910267,23.46265014,22.92382394,24.75546322,26.71158748,28.03160463,27.89761248,28.22719431,29.76420161,30.98578563,29.21825004,31.25928751,32.72277381,36.56923329,37.39991606,38.04810743,40.55901021,39.75147137,42.55838542,40.70958376,32.83038081,25.68450292,23.44605371,23.29097769,22.40098143,22.90418619,23.72857369,25.0132016,24.90967681,25.9161469,25.41355335,26.47323871,27.20199079,28.74111036,29.22218375,29.28496558,29.71512076,31.25969482,30.12597619,28.30125722,27.83460849,27.54373495,25.99473757,25.58672104,24.94530675,25.57770894,26.1125567,26.78804129,25.71167437,26.0108858,25.43496193,25.53798859,25.39473921,26.8024085,26.84182907
HTI,Haiti,6.101724491,6.238623779,6.330417552,6.32884017,6.296695372,6.279502094,6.552751778,6.64455763,6.847142241,6.924292875,6.997115957,6.953342711,7.15674329,7.322595824,7.374776191,7.342199984,7.243614509,7.236413288,7.256212224,7.203890641,7.24800745,7.446966714,7.84968119,7.575359645,7.130473733,7.945476173,8.246136565,8.746866231,8.946409812,9.13545251,9.647961992,9.746460991,10.05757311,10.12827118,10.07299681,10.26086462,10.41704718,10.94828383,11.06122528,11.22242511,11.88496918,12.43956455,12.44181092,12.72047903,13.02586704,13.37023345,13.66870442,13.6925127,13.94063355,13.82483389,13.51442498,13.46342549,13.48052391,13.61528393,13.7823087
HUN,Hungary,91.02587973,93.30437111,95.08290409,100.3294201,103.1749817,105.213776,109.3677613,114.2397876,123.2782225,122.1784155,121.0857643,120.1317977,120.7050615,116.8142449,118.3797872,117.4318161,114.7550769,116.0431189,110.7102773,107.3847315,96.42908324,90.44356116,80.43597549,81.25423029,81.06196719,80.16736546,82.55579151,81.16899851,80.64218821,81.25292057,78.39327252,80.34810778,78.80410678,81.73037426,80.89873206,81.24110763,80.31826086,77.76149245,75.45173832,69.26218991,70.0197421,69.30136015,65.54802929,62.95594428,63.16693536,66.10779799,66.9050135,69.86885085,70.1115153,70.3185406,68.68104393,69.94470792,65.56414139,60.95021587,60.45289686
IDN,Indonesia,135.0523231,137.8707672,147.9684203,161.8392602,169.3312889,170.1356073,180.2496048,206.4890542,222.5824677,230.0343197,235.1233975,244.9484041,238.9079505,247.325918,258.9870648,266.989197,284.1101825,286.9611374,299.4816703,311.6564334,338.0413292,358.7656502,377.0025171,395.7266011,415.0114613,445.0827819,469.8354258,495.0321417,493.6591131,506.8224023,513.0698165,536.2554084,543.4417519,573.2609851,585.3282516,593.1620799,626.6339827,650.3156967,653.1793732,685.3766988,722.9381712,822.6221197,842.7423484,808.4225257,851.9192173,853.1221707,851.531145,905.889422,1002.763404,1062.268524,1007.147769,1037.280639,1181.299197,1261.322348,1323.777911
IND,India,733.2441119,739.1023816,751.0277114,758.9520648,780.7094964,814.212735,836.7847452,858.7549541,863.2299908,888.5301634,921.6745504,970.8798889,996.4302551,1047.382225,1101.198495,1133.78024,1195.647602,1231.553587,1302.096886,1360.50133,1353.652585,1412.26865,1445.596919,1478.086996,1532.694654,1596.657738,1644.435448,1700.96984,1731.402897,1800.687347,1835.559651,1859.448711,1888.198639,1938.225641,2040.761493,2111.742985,2216.196245,2359.31087,2486.389659,2595.414358,2722.620702,2858.46213,3037.494708,3074.138966,3254.316278,3310.459112,3353.918433,3495.501455,3634.422874,3641.293161,3461.050022,3719.56317,3961.525613,4206.328902,4371.169327
IRL,Ireland,41.31530732,44.29467031,44.01368343,44.58791312,47.52999084,46.18831133,46.45267532,48.72572213,48.99228122,53.43517361,52.51599681,51.60874573,51.50548961,51.61096952,51.89224806,53.60688078,54.81588588,56.09320605,55.28868501,56.93196937,58.95201652,59.62495572,59.73439659,60.50102765,61.9986962,62.74903187,64.29560492,65.76243569,68.53160424,70.60994642,74.36163932,76.79429515,75.7068115,76.08580988,75.93004948,77.91479795,78.35029372,76.89644961,76.14736561,71.24501457,70.19698873,65.84994954,67.24148286,66.34441568,66.196924,67.78677688,70.80400289,69.90730005,67.20652598,65.27853673,62.90556836,65.10077159,63.85762894,60.35796385,59.67782815
IRN,Iran,218.5457951,224.4125358,247.4453003,287.1525024,299.2443035,285.7265926,319.0379347,320.8552623,307.644617,248.9807491,187.3897403,183.1844857,229.5087645,254.0114927,246.9613649,260.9299802,245.9821562,262.4140773,264.4088444,294.0448411,331.2837353,375.9807158,400.0150043,398.4960372,437.6362295,438.414353,456.7885535,470.4251897,455.6178872,481.5489405,511.3773244,516.9483012,533.2751025,580.3041179,607.8490043,650.6802954,697.203657,721.223061,737.0249115,757.6977807,767.5997003,776.162727,766.3044783,786.3815555,800.2233948,793.3320518,837.8614747,866.9867648,856.6915693,891.3642009,909.9382236,974.1071886,989.8645631,1030.094694,1054.765071
IRQ,Iraq,103.5208992,107.7094763,98.29202772,123.4900976,123.4841192,140.0189746,156.3506287,149.7602317,163.737031,212.5392458,173.7363602,90.87207969,94.24010237,97.68817505,112.2606278,129.2112018,147.2704775,164.2025485,195.5409862,211.8412595,171.7182407,78.39492721,106.600304,136.3951655,148.3037369,148.3929374,138.1617986,177.2483074,158.9374159,148.0878777,167.8513671,181.6744118,169.9498358,152.2009992,170.8699182,164.5208269,164.1468743,154.4379488,171.49782,187.344036,210.5341754,223.7885673,253.3531239,265.3033508,265.477194,275.9162876,325.5120343,339.8682269,357.4645472,377.1266429,345.6178459,361.8167461,399.1674649,405.1731613,413.2764211
ISL,Iceland,3.236833272,3.376458586,3.682782538,4.379446808,4.30824734,4.044255923,4.13880875,4.287723425,4.413960753,4.460465809,4.245630184,4.171957081,3.867856098,3.924018768,4.214753683,4.024913371,4.073367206,4.209975597,4.325200591,4.433269165,4.413428233,4.387991206,3.307049512,3.426407716,3.559873036,3.379350833,3.679909868,3.615769542,3.769978218,3.829539055,3.93804365,4.049081301,4.244563173,4.217753034,4.301904681,4.213407183,4.397429698,4.755050439,5.050325343,5.065983446,5.000356743,4.864311862,4.858270303,4.897677966,4.642762446,4.838419321,4.35767646,4.507901347,4.475516305,4.336512328,4.22776939,4.260352541,4.301723008,4.246051345,4.282410664
ISR,"Israel and Palestine, State of",72.74769434,73.02751553,76.81952567,77.83630618,60.95173834,83.52624532,23.3452687,24.202384,25.49296968,25.93314796,25.84084644,26.83551635,27.95104441,28.93908576,29.94059474,31.72590892,34.15452765,36.88465547,39.06472425,40.41887085,41.92744267,42.69649507,45.49508523,49.48921367,53.06544007,56.48490327,59.84204068,61.73969161,62.88079045,64.50204395,69.11706932,69.22394363,72.49441337,74.29706356,74.14091058,72.14694994,75.40099658,78.02212181,79.51360581,77.97196478,83.72446654,83.7735299,90.59989282,82.03544088,79.46698542,82.86428449,83.24551603,83.28489171,79.91487733,82.37469115,78.86222893,78.5212464,81.86314982,79.05341346,76.62073287
ITA,"Italy, San Marino and the Holy See",386.4201467,401.6607954,419.0760367,443.5398354,444.5354021,427.1134638,456.4603259,445.6691855,455.7318589,472.5660877,474.7362696,462.2458886,453.01741,445.9466329,455.3291834,456.0739321,459.2134716,485.1959707,486.0658745,503.4149211,504.6508523,501.9444229,499.6865346,493.2171867,488.6939783,514.6362063,510.5143617,514.7006892,524.1610064,531.1724313,538.1550694,536.3576918,545.6398472,566.2548196,577.0068017,578.7356869,567.1625327,560.6504319,545.7313409,494.5055514,505.5662302,494.9934057,476.6947639,442.7417197,423.61697,433.5335238,429.2273004,426.1243808,421.8733216,413.4915839,375.4961854,408.9319436,408.0604693,378.5107716,371.171711
JAM,Jamaica,9.238675212,9.235498282,9.201212696,9.751464872,10.06676723,8.66787036,7.835055062,8.460224107,8.622799546,8.343903305,8.120182146,8.024598002,7.072414895,7.236191468,6.885917783,6.235491195,6.094632139,6.268723537,6.480751901,7.914138858,9.250337214,9.225552642,10.03382417,10.18530586,10.23591425,10.579403,10.91636009,11.10288216,11.61885927,11.91161825,11.97970665,12.04734949,12.00461804,12.36695923,12.33166338,12.3066237,13.71489202,13.61360505,11.20795992,9.361367761,8.974376103,8.913736338,8.332584991,8.799710284,8.542079577,8.417674587,8.944005433,8.64482305,10.04982799,9.770776701,7.219428366,7.790719242,8.844441316,9.04243256,9.424700413
JOR,Jordan,3.565278641,3.67499214,3.278449545,3.645367185,3.8758442,4.199963506,4.788865878,4.966033391,5.854151261,6.254766622,7.634170866,8.728313074,9.244465421,10.50783599,11.41235707,11.76462522,12.36341983,13.74989382,13.4419356,11.4414749,12.12092874,12.43595148,14.56766729,15.14841205,15.680315,16.65176005,17.00034789,17.55054081,17.86546681,18.01770504,19.7046926,19.93074207,20.86006138,21.52127546,23.11080314,24.76544244,25.14122721,26.23897031,25.91251739,26.43524875,26.1456691,26.94863793,30.74187264,30.46556021,32.6121616,32.6536603,32.83404843,34.37919713,33.37247984,31.89916068,29.99869483,31.30619663,33.33839651,34.4006841,34.85573492
JPN,Japan,979.6099253,972.5574582,1018.108544,1133.041056,1127.992229,1070.994439,1107.012652,1137.191363,1134.374324,1161.286547,1132.579061,1108.207725,1066.550003,1071.023148,1145.40726,1118.18139,1114.977369,1118.997057,1194.014486,1225.823935,1295.844796,1310.27375,1320.998869,1317.028947,1380.294728,1399.297532,1414.674928,1396.834756,1342.21027,1373.272699,1377.782196,1356.372991,1384.755164,1389.219234,1380.390561,1389.604745,1359.712635,1393.908978,1319.317004,1250.645662,1313.160167,1363.179823,1401.34179,1417.740577,1366.667424,1324.422547,1320.935404,1305.690411,1254.598422,1215.140835,1151.067658,1172.12515,1142.304623,1094.024251,1063.335849
KAZ,Kazakhstan,262.3785412,263.1523899,276.5641651,292.0367084,300.8672017,312.153799,320.289586,323.3461287,337.0717252,341.5716203,349.412199,333.3145582,323.3312865,318.3153205,315.0473255,303.7926026,305.3861945,321.0833761,328.7428159,327.7002672,342.2678912,348.412368,352.785796,307.345109,273.8448211,237.1623584,208.1916281,181.035602,180.5999816,165.6919688,172.3084565,171.7801867,187.7578163,207.6315465,222.289444,237.2563539,263.5728888,274.7757871,308.177216,283.7872284,304.0154012,327.4902139,322.818848,340.3623045,298.219031,262.973623,278.6122866,293.3192686,298.6794769,288.1337468,296.3528187,315.643819,322.932182,326.8628859,330.3933459
KEN,Kenya,22.93452962,23.36333339,24.04172163,24.42194479,24.74504453,24.98801899,25.37005849,26.14097335,27.75459451,29.54415823,28.14732398,27.94550631,29.6475025,31.76711967,33.34420534,33.27006994,34.46415239,34.79035447,36.62133319,38.00145428,38.45780283,37.60481412,38.00860125,38.40244618,38.94997306,39.5748136,38.73568312,38.65408782,39.63028534,42.41081038,41.3838465,42.31241214,44.70826506,46.04063921,50.41100873,52.89814171,51.63240531,71.43485518,76.17889264,75.1535215,78.73763525,79.54361972,77.93686122,77.88101353,79.97004032,82.13336004,88.43776122,85.54451341,88.43541667,97.22021474,108.5771567,102.1601879,105.1551493,100.5760527,102.8361518
KGZ,Kyrgyzstan,22.98849621,23.33520288,24.48368165,25.47900881,26.47438399,27.73455093,28.4466188,29.01920786,30.15684061,30.7976689,32.00505782,31.03798344,29.99456181,28.99463721,28.20713323,27.68746376,27.65643399,29.51200452,30.15206492,30.22251813,33.36734772,30.62820668,22.63730868,18.25169785,13.73780977,10.53440955,11.33939522,11.71538636,12.08748776,10.93199759,10.89847805,10.07893204,11.16779625,11.85373196,11.79824627,11.89469517,11.99012957,13.3460509,14.73948406,14.63107986,14.35762695,16.40211175,18.59149394,18.50212483,19.40057479,19.87099135,19.63104855,19.9968024,22.12913644,21.22575319,20.3993983,21.82900095,21.95345272,21.71711273,22.36896099
KHM,Cambodia,16.42984246,13.82344781,11.66211164,9.26659399,7.877608896,8.006164445,6.993463566,6.367550308,6.159978463,5.606732883,7.846703613,7.658179183,10.110022,10.48919814,9.010874181,10.75654601,11.7364563,11.54675249,13.24425763,14.30576725,14.57703367,14.54721728,14.91033258,15.36771463,14.82375349,19.00899721,19.14677666,19.49358602,19.6676848,20.37007611,20.45153923,21.00601106,20.89292104,22.87112456,22.39690262,25.14850961,26.5988578,27.87343067,28.79265613,30.30855344,30.97331459,32.13908565,32.00271217,31.98329864,33.40224352,35.17349755,37.87239985,39.8200598,40.68672213,44.00072363,46.95690729,48.33693419,47.10421523,48.98179675,49.83475492
KIR,Kiribati,0.027760631,0.028338206,0.029983017,0.034483858,0.040362142,0.035588295,0.035561188,0.037290975,0.037403158,0.039666796,0.042152104,0.042022058,0.041879487,0.041794903,0.026205519,0.027868835,0.026733183,0.031372689,0.031735065,0.031447095,0.033065252,0.033504423,0.035308058,0.035752828,0.036508097,0.034842962,0.035450793,0.036368372,0.037394632,0.037709088,0.052160926,0.049279098,0.064442502,0.066335365,0.068424377,0.084404211,0.089469221,0.085603157,0.093325334,0.08294462,0.086574303,0.082885307,0.082376222,0.087201693,0.088249007,0.09065735,0.097008549,0.098835468,0.106323535,0.107381414,0.105866452,0.113765821,0.109945479,0.110778288,0.115188313
KNA,Saint Kitts and Nevis,0.058477473,0.059891206,0.063022629,0.062569298,0.060868361,0.064154018,0.064155636,0.066442148,0.066491905,0.066308034,0.065477848,0.064396632,0.06324698,0.061412494,0.063371386,0.062612294,0.060174747,0.060781364,0.062918789,0.062313394,0.059898255,0.06687879,0.068204196,0.073227742,0.079818496,0.07351026,0.079899646,0.083352634,0.084013236,0.084341482,0.094185571,0.095701897,0.103439426,0.105946141,0.112485163,0.106652944,0.112549114,0.121204489,0.12674101,0.136992455,0.145366236,0.123909748,0.117545313,0.128835297,0.134401937,0.140118441,0.149727233,0.142229591,0.150412653,0.170577134,0.160401954,0.163316095,0.184136154,0.179291838,0.185491743
KOR,South Korea,91.15574075,92.17687494,94.56970449,111.6759665,118.335141,127.32517,137.5903043,153.6680489,161.9189648,179.3270357,181.0457141,188.7931403,188.6109384,204.4179387,227.8089202,238.4918222,247.7505759,253.2775906,279.8675569,290.4219991,311.4020944,346.7033777,377.4987702,403.1214626,433.9369334,466.4078221,499.7577234,527.4615532,454.985566,496.6092657,530.14498,537.2943518,554.1730501,560.1427191,578.4585486,575.1152443,583.4005694,603.976243,616.3360674,621.142472,682.9549561,716.3896736,715.6023333,712.9623774,702.5530673,714.5937693,719.5214319,738.1912436,754.5222558,729.0695716,695.1270635,719.2805723,694.8783079,670.1145555,668.245271
KWT,Kuwait,80.65210377,83.23532287,86.66113519,78.94916839,66.05891179,55.87964456,57.30630511,54.8191957,61.50107207,71.55702094,58.6538242,49.88446819,48.08815333,54.05832356,56.36888812,59.04885474,65.57494628,70.77854895,81.25998726,94.87604021,50.55485421,45.86308378,45.95093583,64.30919231,72.94654383,70.79082311,71.27080732,75.94107429,77.19430157,79.34278654,89.59591076,91.2729075,94.61774249,105.1934091,110.0542236,121.801403,125.3101718,121.4370096,126.2487196,124.5390831,126.7119641,135.4879859,138.7913296,140.7650041,139.4418257,143.8243298,149.0397795,146.7045049,150.3530106,148.8155233,144.0527419,152.3925594,159.6228036,167.8876653,173.3306967
LAO,Laos,4.731995422,4.5964214,4.534207501,4.552929098,4.645165724,4.522024605,4.05962328,4.289405765,4.467349796,4.905922941,5.479760223,5.36334584,5.609386098,5.480261148,5.750121174,5.762375071,5.918846423,5.861244537,5.880063368,6.229130021,6.771516614,6.795667451,7.165417067,7.254604704,7.66853843,7.751600331,8.013898743,8.246384466,7.925014581,7.850844271,8.895475538,9.253788331,9.580355363,9.874765414,10.45713307,10.29189334,10.84687885,11.47486124,12.00199992,12.98939073,13.83493881,13.84273572,14.83973279,15.48009928,16.37521717,21.37473786,29.04642106,32.41160781,33.11496418,32.96413207,33.52180009,37.85382276,38.49878485,41.17320001,41.54963758
LBN,Lebanon,6.726553374,6.894155534,7.452985145,8.894296334,8.940272976,8.030421113,7.653334961,6.818368107,8.103724691,8.956758236,9.107356946,9.231848467,7.236873073,7.612475466,7.772262376,8.793910067,9.211130189,9.397441069,7.6203375,7.7072124,7.752134084,9.37029841,10.04823048,13.61551403,14.78243902,16.94084817,17.61811356,19.17612944,19.16182482,19.71775538,18.17235052,19.59373727,19.70736804,19.9596723,20.37161279,20.38089357,20.03349939,18.88827598,22.3503464,25.77851884,24.89902113,25.46596754,28.2302456,28.07270043,30.18202431,32.41730301,33.65450895,35.35267775,33.72511261,33.56322749,28.63076485,23.75797851,17.7102944,18.36002633,18.78631463
LBR,Liberia,1.612666492,1.633335231,1.660234154,1.71890035,1.788675217,1.824831539,1.880436306,2.046076787,2.079117912,2.33405164,2.298026218,2.125818934,2.081167539,2.185054578,2.077641241,2.093523384,1.958881924,2.014782992,2.292370765,2.05369889,1.808570505,1.58647772,1.47416775,1.364990538,1.326850224,1.356563615,1.459608001,1.59178178,1.769349341,1.955009514,2.18969963,2.229898842,2.279535816,2.36420113,2.46808128,2.704066137,2.98486,2.883979452,2.891867139,3.066730696,3.395764095,3.564232089,3.711384766,3.71235345,4.1068043,4.288941364,4.50940995,4.335401107,3.811885322,4.33374268,4.210455338,4.210309206,4.367674657,4.412551821,4.459908544
LBY,Libya,137.6243326,125.677331,101.8298645,98.71658282,69.92741053,72.16974048,93.38981906,98.99637287,97.99239972,105.285834,97.15169748,70.83008401,74.19869124,71.08993982,71.15223741,67.8686983,70.45483249,67.84468702,75.87255596,74.78083262,87.03845109,84.6789148,79.30901846,75.44911821,91.46408207,101.4567732,105.8968266,93.325716,89.33001482,87.51206356,91.73150044,88.27576501,88.51467311,98.30982906,96.9348325,104.4782659,102.7996375,96.25551356,100.5722317,100.2432664,106.0591194,62.57530136,99.54559555,90.63390823,80.39990649,71.71880251,68.15326226,82.06160664,88.5313021,91.63777874,64.44803678,92.61545695,89.94470759,97.95164408,98.17087612
LCA,Saint Lucia,0.078324592,0.080499949,0.086588509,0.08717356,0.083314646,0.09079908,0.088689873,0.094414237,0.096419783,0.09796579,0.099383587,0.091287677,0.100333749,0.097368458,0.103248635,0.113970759,0.117179194,0.125257336,0.14566749,0.148626858,0.149517205,0.149327256,0.149523634,0.14799777,0.163144177,0.168267444,0.1709018,0.178652071,0.188421514,0.201036127,0.213707571,0.219260526,0.211988745,0.226064906,0.221529798,0.225555591,0.23693411,0.24760158,0.25759496,0.269078244,0.288976029,0.250989343,0.259841399,0.282781076,0.299502035,0.306498313,0.322976755,0.330350127,0.396145988,0.436370364,0.423198324,0.429741289,0.44976457,0.454151515,0.468520973
LKA,Sri Lanka,9.876093146,10.1549732,10.87777843,11.10049545,10.81223594,10.48132303,10.80978221,10.96621514,11.5524024,12.08661421,12.26782671,12.5817797,13.34769975,13.57312122,13.2781602,13.00679538,12.98460143,13.79958756,13.56673804,13.45342289,15.91839257,15.46951954,16.87613675,17.05342736,18.19587884,18.20742355,20.17341276,20.19942135,19.57374751,21.01970415,22.45426634,22.1422179,22.78429205,24.03848692,24.13010123,25.99188656,24.84002456,25.62072249,25.82538596,24.94812475,26.54877874,28.68087774,30.75236029,28.02057292,30.09075378,33.26533428,36.12684699,34.72436467,34.50109197,36.30455976,35.88283975,36.06526818,34.12590963,35.18535761,37.16653456
LSO,Lesotho,1.907716704,1.81242908,1.768972867,1.746803986,1.805253476,1.856914263,1.83381134,1.696574482,1.71767311,1.796549978,1.904292159,1.916679909,1.944880795,1.912860588,1.890968815,1.97143838,1.999985042,2.295148328,2.217610295,2.151100903,2.128551722,2.171644164,2.334757449,2.295731362,2.241703646,2.1946791,2.112357479,2.191935977,1.944461936,2.531109079,2.668045198,2.681111755,2.545557024,2.581706095,2.575021135,2.745129042,2.702887427,2.839410059,2.703348613,2.801504818,2.806916874,2.843567878,2.906798198,2.810296816,2.818088479,2.78455919,2.820991664,3.031364512,2.929748331,2.811948429,2.474944668,2.621380546,2.911493262,3.070958459,3.054965167
LTU,Lithuania,31.43096842,31.8858707,33.5379809,35.47893773,37.43809849,39.21294263,40.42372579,41.49199952,42.79668266,43.8984577,45.17662226,45.45256221,45.5226578,45.78363717,46.5508701,46.55204905,47.05574593,47.50640785,47.29934772,46.91801525,48.61056372,50.16019676,33.01288933,26.64428837,25.06821467,23.92872427,24.44023244,23.98874269,24.95193458,22.03023151,20.41988041,21.10004538,21.6073866,21.6844496,22.55910589,23.57853765,23.86514787,25.95488271,26.42121606,23.31728227,24.22460464,25.11280843,25.43413108,23.90460671,23.94866172,24.7285059,24.46843487,24.90348466,24.45493723,24.65637706,24.44979882,24.2878232,22.29974621,21.57555032,21.53570711
LUX,Luxembourg,20.51824836,19.12264496,18.74905955,20.20792058,18.70152309,14.96916257,15.89942216,15.16712024,16.37528423,15.56545249,14.58579224,12.59483563,11.83097161,11.0549013,12.11076018,12.24080276,11.9672296,11.36647185,11.83206989,12.64370065,12.93072993,13.43982759,13.15976399,13.38081242,12.44555197,10.04828626,10.1224207,9.510718719,8.761806281,9.157898,9.782038255,10.32593378,11.00898858,11.41967306,12.84729059,13.07660552,12.88145809,12.2979004,12.18224978,11.58460315,12.20472081,12.06109559,11.82262997,11.2915794,10.79799104,10.29643117,10.03610731,10.19405478,10.52938285,10.65992591,8.924579112,9.317911432,8.192437656,7.852474207,8.05366742
LVA,Latvia,17.7124353,17.95823267,18.8548391,19.93812916,21.03522902,22.15702869,22.84155631,23.3709713,24.14427766,24.71090374,25.41599665,25.64340126,26.10879381,26.4529608,26.66944744,26.81035418,27.2058863,27.58684868,27.42922096,27.13454886,27.54643418,25.79783267,21.71480266,18.4645659,15.29608614,13.65812442,13.63735556,13.10063929,12.55973135,11.91643738,11.09924351,11.70186217,11.75928739,12.06166273,12.13956332,12.28621604,12.87830649,13.30895464,12.91040651,12.15672017,13.22863455,12.65091918,12.57537116,12.32916369,12.20994854,12.48076472,12.46550445,12.33245579,12.91106351,12.78410378,12.18851404,12.44850491,11.82361104,11.69802093,11.64238885
MAC,Macao,0.332703768,0.333657853,0.352102979,0.418205857,0.506397404,0.423763241,0.417487079,0.439190153,0.435890047,0.467587902,0.502552447,0.483718889,0.506469215,0.686513006,0.667343613,0.608316901,0.748936087,0.917692824,0.895951549,0.917989022,1.001376683,1.026807968,1.158623698,1.281723579,1.398448606,1.268997715,1.458385128,1.549086249,1.702021855,1.792454356,1.51846929,1.626540895,1.781429022,1.829425912,2.113670411,2.125974607,2.115019966,2.010869876,1.675803055,1.77563159,1.797714011,1.768876928,1.825635622,1.895168698,2.172182289,2.855431679,2.723423509,2.980127059,2.21243767,2.335604483,2.318829233,2.132281723,1.761521151,1.763905208,1.820094827
MAR,Morocco,22.24870387,22.93334696,23.40606326,24.85559549,25.65487364,26.64184074,27.83000341,28.96121236,30.6681899,31.89867192,33.16916843,32.84531906,31.53738195,33.24028258,33.20262104,34.98140547,36.90555364,38.53112264,39.19566698,41.49097414,42.48705016,43.4254963,44.97272505,44.7791708,47.6886418,48.98050937,49.42547923,51.84989691,52.89454437,55.25295789,56.66801464,60.50771836,62.07596911,62.6199385,68.50126454,70.59977585,72.02162876,72.95202702,76.8794286,76.91931107,80.73709377,86.13032397,88.91031779,89.83414676,91.37860921,93.67379922,94.0558062,98.00564482,100.0291278,107.747184,104.2613961,110.8219962,110.7609219,108.3580729,108.7364237
MDA,Moldova,23.41181965,23.637302,24.88511296,26.32030783,27.6781608,29.43078699,30.25808327,30.92411907,32.04320607,32.76493337,33.94297708,33.8734312,34.2624696,34.57487349,34.9138678,35.18622036,36.052232,36.86295317,37.06112702,36.97519619,37.4195784,30.93855416,25.34040133,21.64107722,18.58200967,16.54470335,14.67193899,13.32520594,12.09087289,10.61245156,9.912847281,10.10445114,10.3344253,10.92047147,10.92444979,11.25518928,11.06880071,10.93327031,10.61496405,10.42864013,11.50579588,11.71266438,11.3366294,10.77086977,11.33146288,11.61741022,11.89974331,11.9269492,12.62036798,12.69260345,12.38485334,13.21423574,11.64924054,11.6506458,11.65832451
MDG,Madagascar,18.29690508,17.30296566,17.7300087,18.04482513,18.48023641,18.73590791,18.86156842,19.40352289,20.66106301,20.81114551,21.52717706,21.44912034,21.65025021,21.91238215,22.26168923,22.00312544,22.14202107,22.18835502,22.32479495,22.40422057,22.88230742,22.95528751,23.32878179,23.85845795,23.52692655,24.11918265,24.2767535,24.48585263,24.8623356,25.1525204,25.31584213,23.49425485,21.64292319,22.82815439,23.51319348,26.18489061,26.47838398,27.11664512,27.73857908,28.36728083,29.01631753,29.07070739,30.39387618,29.60327411,31.10253019,31.46102551,31.42544919,31.82552383,30.38603194,32.2478886,31.86937107,33.59693732,34.45766497,35.70543713,35.78996651
MDV,Maldives,0.021049944,0.022128789,0.023836048,0.027384077,0.03141511,0.030212877,0.031259917,0.033185459,0.034635887,0.037040276,0.039717067,0.041135207,0.0423267,0.043988727,0.082592794,0.089802531,0.090856606,0.099704416,0.115408343,0.113003222,0.135010264,0.139115342,0.150088966,0.170778077,0.321976103,0.38641814,0.393776487,0.357621875,0.40052596,0.401773317,0.694974223,0.622037435,0.746157047,0.653024854,0.822232111,0.769393222,0.930310321,0.977723462,1.064072893,1.096777048,1.173767674,1.269712617,1.580700729,1.76628453,2.355296945,1.741103569,1.893728454,1.768727739,1.545766835,1.685468722,1.379542719,1.8694761,1.989586355,1.998543125,2.09337299
MEX,Mexico,205.3890842,206.9703785,220.8703681,232.8349571,252.2406147,266.2218588,281.5924738,291.3366634,316.5984488,332.2038776,362.1166057,387.4582856,410.8530346,396.3783942,402.9558951,416.5570776,413.9516056,426.2695679,424.9408647,443.9024948,440.4708392,458.4472612,461.0210571,474.7550748,501.2410346,482.1835,502.1712646,528.1571397,554.8655062,541.7825215,566.251362,562.6428757,568.8382947,593.0631516,602.6554871,624.6792475,646.2761753,656.9821544,663.5380064,649.9757465,665.5725048,677.1025687,692.8752379,684.5598815,673.0473393,682.1478595,691.4908926,695.7527728,675.0515117,692.1333869,640.1272393,656.2890351,660.2856144,685.6512334,686.7793695
MKD,North Macedonia,12.34526375,11.78921754,11.79344009,13.17252334,13.57098692,11.53003754,11.91799895,12.19844918,11.88865654,13.05547152,12.16028818,12.97966297,11.62190064,11.07166558,12.53324343,13.00778317,13.24163264,12.87472259,12.99741651,13.17793119,14.36124002,12.86660267,11.54179345,11.74633645,11.52102784,11.38622107,12.97659518,11.82035197,12.66689336,11.74412162,11.40005378,11.51248944,10.96186561,11.72834061,11.89247864,12.35374249,12.05654556,12.81749987,12.66193447,11.5708832,11.73530667,12.92036176,12.29312593,11.39252403,10.96411232,10.54792139,10.25044688,10.70223905,10.24138929,11.33720519,10.28853949,10.22442209,10.81588168,10.56913479,9.812096335
MLI,Mali,10.86848454,11.10338249,9.831152147,9.135533438,8.315672213,9.049560732,9.414141694,9.515744837,10.13981326,10.82627535,12.20171923,12.93236659,13.34986064,11.85581702,10.59648288,9.892888991,10.12466375,10.51764118,10.84849605,11.37147365,11.98184393,12.01393786,11.98778655,12.14531936,12.47567451,12.8464236,13.23036035,13.36536535,14.1572765,14.85646032,15.757128,16.4837538,17.65850761,18.54004408,19.34507378,20.24161092,20.47834385,21.86752026,23.08965611,24.3219771,25.51451025,26.53777043,27.61368696,29.18230168,30.25253107,32.20936701,35.58927798,38.30744579,40.08311861,40.84782131,42.54025761,44.9904345,44.50536437,46.61131935,48.00850955
MLT,Malta,0.815174825,0.822097504,0.993585975,0.960743901,0.888769296,0.816852232,0.914594922,0.962768688,1.096013726,1.071942766,1.168869827,1.30366218,1.474318417,1.136816495,1.504003859,1.335408972,2.063834378,2.158725114,2.336100418,2.521324545,2.519874931,2.425322647,2.396614113,3.04713813,2.754011998,2.625868766,2.576499172,2.733920331,2.642515525,2.688776271,2.414825634,2.790462756,2.617596702,2.92120719,2.919613477,2.976305112,3.03546409,3.113192011,3.13321688,2.899170122,2.949410706,2.938738692,3.117848959,2.782982856,2.787853589,2.110198228,1.827776024,2.016420144,2.011797608,2.115264314,2.060938419,2.068150682,2.235004653,2.225221869,2.243619228
MMR,Myanmar/Burma,50.25030693,50.62643441,49.26433177,51.47064043,52.15015893,53.64916142,54.16734847,55.03557141,57.54233635,56.82424276,61.52041861,63.25065175,64.01356984,64.92206019,65.74156044,67.2578066,67.33770775,64.75689889,64.60729541,63.65045992,63.22331899,61.99522633,66.05071029,69.21542266,72.74649004,75.79090923,75.70923942,74.18050338,76.02593972,82.40001386,85.45948677,86.15182481,88.04668916,94.16565093,97.57140069,103.18577,107.9408903,110.2167927,108.914226,109.6283452,111.6666205,109.5138411,111.4683171,114.8254777,120.4197618,124.2528968,129.54421,145.4856029,121.7757795,121.6454948,123.0346552,121.2819556,121.0800411,118.2384652,117.7875364
MNG,Mongolia,19.94829395,20.32807231,19.95982863,20.47537601,21.22902,21.89493686,22.22820444,23.0102546,23.41596457,24.27862345,25.11861707,24.24241154,25.17186972,25.60790713,25.98814675,27.59967152,28.84078908,29.90214398,30.90866405,30.27591742,29.9300645,32.89379098,30.61759335,29.31372175,27.3350528,28.17433334,26.88713676,27.17232137,27.9069577,28.5925892,29.33086334,27.10868138,25.00850018,24.35021843,24.29630976,28.8569644,32.18077106,34.9337654,35.92426547,39.35450732,42.45513901,48.0450224,49.28637325,51.76273049,54.98663781,52.93394509,60.76376796,67.84744013,71.0301059,76.09639111,69.78087325,70.92769637,74.70825846,93.71582839,104.354966
MOZ,Mozambique,9.248007874,9.388925797,8.993362924,9.322200826,9.206207593,8.840504968,8.670131706,8.526410251,8.159475927,8.095062974,8.569692802,8.344109506,9.78806326,9.627363024,8.689120791,9.185407224,9.000315586,8.570240106,8.312475504,8.690379034,8.613911074,8.292298209,8.608774655,8.783268247,9.118434372,9.365347586,9.545145678,8.216792658,10.2074496,9.743112984,10.4988464,11.22590883,11.70420263,12.91986767,13.58717132,14.0415591,13.7713569,14.3982006,14.12525632,13.73149021,14.31225666,19.12121711,21.97198891,23.3062199,24.74708573,24.55051434,27.00616825,29.4852494,32.51210301,30.1740792,27.92732672,31.13711742,35.68363847,34.31801829,33.62559
MRT,Mauritania,5.645659544,5.500176947,5.060988866,4.96210117,4.313273177,4.438902375,4.662835791,4.852334597,4.946006998,5.115792941,5.227475682,5.515199718,5.637614502,5.166526164,5.129987347,5.40223667,5.295347127,5.753345833,6.101070948,6.394912223,6.66412822,7.043705209,8.270006938,8.392803978,8.36351841,8.514780278,8.866861309,9.269734227,9.660207228,10.37556543,9.178253672,9.555852499,9.974247089,10.25064236,10.2426544,10.4819674,11.13401183,10.89861705,10.69283487,11.23219902,11.49737288,11.90686148,12.45728693,12.52882453,13.26580363,13.65067058,13.55945441,14.87170584,15.68226197,16.13304065,16.48301022,16.36430311,17.11799697,17.18268445,17.50862066
MTQ,Martinique,0.363144005,0.372862107,0.41726224,0.422971445,0.400658316,0.441346046,0.425688113,0.45167514,0.454682797,0.456180858,0.470607773,0.480559891,0.473689352,0.455007831,0.448746607,0.497617315,0.518573579,0.568586906,0.67013687,0.840225199,0.899001455,0.803709747,0.836403356,0.992418548,0.997928274,0.991388294,0.979880432,1.003051539,1.014972634,1.023619453,0.82967235,0.83385389,0.864866022,0.874043937,0.865346955,0.856600816,0.926305119,0.971111057,0.98713986,1.065749899,1.13365148,1.172290086,1.171005883,1.169174336,1.170572882,1.170215471,1.171308674,1.172020777,1.167533585,1.164533749,1.163571979,1.165128386,1.164187611,1.165683678,1.201807506
MUS,Mauritius,0.822726709,0.861652675,0.903509812,0.945434772,0.999444273,1.010027031,1.076422279,1.183296756,1.194751368,1.204615717,1.161106066,1.181512106,1.145965039,1.219896925,1.271443712,1.244790214,1.407162664,1.474086279,1.557703268,1.685347599,1.843959706,1.922778834,2.004343956,2.136969216,2.187516233,2.253419152,2.340099828,2.357028026,2.540031621,2.955057587,3.240853023,3.392926695,3.384505382,3.470936589,3.521246292,3.679121548,4.435020065,4.569575766,4.692656074,4.691985965,4.983200146,5.010353212,5.12196733,5.270530356,5.483514256,5.481642698,5.596655703,5.849741905,5.849448246,5.947019551,5.534682213,5.842102646,5.981317974,6.323073051,6.471595797
MWI,Malawi,2.295679453,2.329901845,2.456414409,2.535513564,2.655055024,2.766388683,2.892515777,2.954708011,3.022874468,3.057802586,3.137993856,3.31995663,3.41899841,3.455545849,3.534384718,3.797046186,3.857028907,4.134217447,3.776900139,3.90804901,5.874678065,6.108105368,6.292304041,6.28524123,6.29383602,6.374335125,6.569413036,6.749816348,7.261282311,7.534060783,8.141448119,8.089162345,8.099398396,8.299207121,8.347703015,8.952090886,9.398410566,10.01854288,10.57239084,10.72833061,11.46184705,13.07235326,13.38760096,13.08937399,13.39885985,13.73056653,14.15537089,15.05615194,16.20496267,17.71769699,17.6111946,18.67715518,18.63931978,18.3538368,19.02356452
MYS,Malaysia,36.93793911,37.57446035,24.90222116,25.46810653,28.34729034,30.27975475,33.33475948,33.34163105,39.74681872,45.53694473,46.79827139,47.3045113,50.64376179,56.68085197,60.21906363,60.05898592,62.18029935,63.30384384,67.32053337,77.14678599,85.74538539,96.91133308,101.6079937,102.4776039,111.2059531,113.6029043,128.277046,141.2678318,136.0534251,145.3692718,157.8564506,166.003834,175.1848729,188.3416064,203.1597134,215.2126251,223.0274739,240.6025744,252.8852586,235.8426297,250.7902804,252.9346597,254.6050709,272.7485034,287.4115633,290.148077,286.5023893,274.647296,291.0215701,292.13343,288.8583842,293.3116114,312.7472004,318.3725431,332.1668281
NAM,Namibia,6.468498424,6.569323832,6.669345485,6.776514857,7.419030572,5.558400015,5.587341695,6.327665688,6.383000358,6.808679944,7.05386555,5.987105466,5.480329822,5.430550539,5.504961582,5.575919268,5.974545547,6.358420306,6.746986035,6.681494122,6.595164458,6.670755127,6.668174066,6.741126352,6.750016831,6.856768418,7.03959723,7.291933653,7.610042638,7.81955261,8.744555009,8.949096383,8.454793793,8.715724638,8.860432288,10.64023713,9.295309432,9.281171873,10.04185062,10.18645531,9.46099667,9.854501164,11.13105559,10.22556175,10.87432947,11.1255059,12.35184497,11.77402032,11.59672223,11.77452046,11.12461455,12.13446755,12.26919202,13.88990261,14.21213181
NCL,New Caledonia,1.380946443,1.381960061,1.41763304,1.639959618,1.907199238,1.668783258,1.650458354,1.735587194,1.758771357,1.852906835,1.95668241,1.904179377,1.389990787,1.336948754,1.407333167,1.782132464,1.724993833,1.864743226,1.834483814,1.932487311,1.918492839,2.068462682,2.087512252,2.128093954,2.190727842,2.032289077,2.244881926,2.104922314,2.055715831,1.997715782,2.485982002,2.530047107,2.785004231,3.052748296,2.766207519,3.009528433,3.008017464,3.086578336,2.992986689,3.002297589,3.817933568,3.842627492,3.886223483,4.266301333,5.156308582,4.94013621,5.271863152,4.773065951,6.465980976,6.229949511,6.080661041,5.032750766,4.984153097,5.244788763,5.381612168
NER,Niger,11.02187213,11.34028344,11.5492083,8.803102952,8.862134998,9.485597715,10.22594521,11.24502672,11.65363811,12.0739764,12.60044286,13.25400501,13.85823861,14.5888545,10.63273965,9.184393191,9.488210983,9.77900153,10.15015887,10.53126303,10.73867908,11.15652017,11.5862765,12.27120557,12.65018509,13.18439219,13.83657876,14.58092707,15.24613734,15.84459558,16.20644855,16.95434752,17.6998991,18.49914579,19.31624978,20.04333246,20.75466122,21.61205343,22.50706217,23.53827883,23.31882556,24.12018854,25.89046827,27.24256605,28.5387089,29.58802458,30.93885414,32.1503303,33.65283175,35.51735887,37.19471011,39.1939699,41.3587318,40.07224704,41.14614695
NGA,Nigeria,172.3707978,187.2119456,222.2991364,252.4363741,286.0672967,232.0453813,266.2858198,260.7508905,250.1124976,312.1431421,286.5498572,224.5372039,211.61142,208.1702044,220.1652437,232.2909884,229.0484759,216.4906559,235.3765624,259.930857,260.8156308,275.4142617,299.3937899,303.0004366,326.7750215,358.6262546,417.0405514,391.0388482,358.9154987,346.0313063,379.867855,385.8877443,332.827386,369.1864309,359.9911266,351.6043237,324.0109343,298.6714373,303.8214633,287.3888637,309.5195326,330.195223,331.6926955,335.4048161,346.6175935,342.3975223,336.7500796,334.5341451,346.5287117,360.0856966,333.6846757,342.747095,334.7699129,337.7767454,350.5553543
NIC,Nicaragua,7.907999731,7.496208044,7.564307872,7.987898767,8.459789353,8.686073851,9.19207345,9.98142616,9.708287921,8.1554406,7.871038399,8.067261601,8.144946893,7.950938393,8.134417784,8.228228831,8.123207208,7.606282231,7.816407122,8.162155311,9.010346535,7.896263218,8.772493677,9.406699692,9.755710745,9.26212662,9.299831346,9.973533581,10.36192048,11.37653684,11.79606283,12.04458649,12.31966769,13.05554066,13.00010533,13.02709565,13.63267074,13.90045548,13.75605182,13.82093871,14.20219426,15.17147405,15.63204883,15.7511447,16.47680363,17.69589767,17.93557861,17.97107036,17.44427017,17.90722086,17.82266562,18.44101484,18.70639645,18.96095277,19.15862109
NLD,Netherlands,179.528322,181.0727545,199.1849282,208.0910785,203.4814073,195.4007932,206.4941725,204.4830094,210.2739429,220.8315133,213.7907848,212.4678493,201.2905287,197.6237785,204.9990695,209.1465436,212.0690355,216.7075464,216.2172046,219.0994104,223.8171603,229.2153027,228.1188726,231.4813018,233.4307327,236.5816363,247.7584169,238.0008517,237.9237716,227.5339275,225.8801019,224.856566,223.5263257,226.0766386,228.4653652,222.2997109,218.4830009,218.6047608,214.1105913,208.2435588,219.8684658,206.7609526,203.8854394,201.6782765,193.5740719,201.5296105,202.6787038,198.7309554,191.8839094,186.7000267,170.3435908,173.5895894,160.2835565,149.4883818,145.0066745
NOR,Norway,55.05760364,53.60534386,57.15066036,58.84298167,57.81696993,56.24753753,58.92251161,60.0814384,58.91146997,62.18753953,60.2267349,56.54708801,52.45373279,52.55873071,55.21814046,55.38855732,57.12665903,55.55835092,57.00962867,55.53421421,55.35051429,51.82144196,51.51876787,54.17303407,56.61669045,56.13027888,56.60470778,59.28956963,60.7839815,62.47122737,57.66914024,58.57855412,57.57039204,61.34252173,62.04599038,59.49318222,60.35868955,61.66994234,63.34875747,60.28463728,63.38775463,61.84699474,61.35779997,62.16659179,61.95430081,62.8932124,62.21384202,61.99131066,61.11875573,59.54965708,57.83213505,58.7091001,57.65145241,55.4669588,53.75963641
NPL,Nepal,15.6836596,16.00279993,16.20993627,16.89801921,17.24351028,17.73897113,18.03587308,18.5515421,18.94737823,19.26036791,20.23805669,20.35633226,19.98937004,21.11500099,21.43952716,21.41608779,21.56504225,22.21160246,22.56883903,22.56842974,23.09616481,22.85087649,23.70864576,23.63561607,25.20610962,26.07213886,26.48292508,27.0313837,27.62721087,28.62016673,28.89713615,29.49204575,29.08306549,30.10747752,29.71333581,30.40585247,29.83574267,30.85771539,31.72700998,33.04296174,34.45591988,35.84587125,36.45746883,37.79018724,38.5630589,38.41657242,43.03156501,45.42473738,47.83822639,46.62305318,49.81719839,50.75808393,48.03770688,42.11603363,41.4682347
NZL,New Zealand,58.1712507,56.45510859,60.61554682,61.44777259,62.65042281,61.75153302,64.0671804,65.07545734,64.99381586,63.07879648,65.60374208,65.55226836,67.46510814,67.68791298,68.80252622,69.791238,70.26950721,69.69020421,71.41230907,69.54795337,71.81386529,72.15343775,73.3538946,73.97757625,76.17798683,77.66159195,78.35181231,80.51614031,78.61053674,80.80915981,81.68398812,84.13236526,85.81187055,87.31102844,87.26975151,87.70134511,88.15658304,86.91603685,86.63214158,84.37505163,84.7936626,84.20616543,86.88818458,85.87737915,87.27526284,86.1794649,85.68204344,86.85542757,85.83183682,87.12458604,83.77054364,83.47875186,80.08406203,78.20811179,77.83735328
OMN,Oman,14.84743223,14.86782537,14.70259931,15.04472517,15.3945204,34.90964866,38.51516494,37.84161021,32.2786053,29.52529505,20.74799134,23.31111736,21.63705446,24.71974558,23.61605178,23.04846069,26.45487567,26.72511094,28.92190201,29.4456873,34.96593533,42.57776842,41.16806061,40.07472345,39.19027063,42.19497506,44.21480081,47.8285013,44.76113065,49.41525498,52.05916837,55.92006275,58.55734145,63.49765816,61.80757739,62.18803175,68.95060139,70.67573039,70.10411596,72.1614296,76.42039865,85.51901007,94.36417319,98.92369253,103.6480393,109.2323851,111.5944402,111.9854294,115.4890044,116.7032256,113.2839783,119.5483955,127.5936955,130.248584,132.2646616
PAK,Pakistan,84.22245811,85.30558355,87.38320547,90.26232294,93.27328598,97.90881746,99.17141443,103.8983703,108.2242152,113.0938076,114.9943888,120.4222604,127.0545951,131.2008517,135.6248393,144.0494795,157.8111571,166.8041589,174.1959437,182.9024933,188.8774209,190.8192947,201.8076984,213.9859614,219.0209486,230.4761812,240.1623265,246.5876245,252.0653196,265.2700341,271.3319479,274.6619222,279.8768856,290.8653042,310.8788363,319.1648496,341.1483751,363.5812221,365.1426377,375.7951785,369.1462325,377.6437849,381.7959354,396.2698884,412.4346656,423.5723184,454.0304507,477.2010328,473.292763,476.0908495,511.2642185,526.9517103,537.6563357,522.2100094,525.8824714
PAN,Panama,5.857723677,6.039558446,6.312890398,6.721885254,6.858189473,6.996592096,7.019549637,7.046151684,6.917191208,7.257904641,7.076012097,6.740982603,7.152716199,7.645518758,7.031952743,6.850784215,6.960503533,7.267776275,6.560172253,6.725350024,6.874514126,7.368533381,8.095941984,8.241859803,8.575063288,8.917955296,8.970617498,9.012373773,10.28126243,9.543661825,9.695623696,11.19575701,10.47709552,10.56614382,10.57221058,12.38797678,12.83904472,12.77999933,12.77246513,14.26374464,14.84508442,15.9111422,16.36970486,16.25451745,16.61189079,16.38857111,16.5721576,16.08800024,16.03200926,19.31913524,15.97369569,17.18227973,18.06361409,19.49312359,19.21795452
PER,Peru,36.78746334,37.57934184,36.94844184,38.0908787,40.21197604,40.44170244,41.3193217,41.38577315,42.58321839,44.55745748,45.5393042,47.0870894,46.9777788,42.50652833,44.15370133,43.19641169,45.31614239,47.39173812,47.55880149,44.34628441,43.45914164,42.52624822,43.3439482,45.10458497,46.03049025,50.5979914,53.51645179,53.39500241,53.48077623,56.08496716,56.52933732,53.73278401,55.35599758,55.39058029,59.34927566,60.19481004,59.76707326,62.91419732,68.03885046,71.56959284,75.80194952,79.65541579,79.8149784,81.88998545,84.81652709,86.76748435,89.16122972,87.20308734,87.29205118,91.26336887,80.14180707,93.50852433,97.63008267,99.25740147,103.8130246
PHL,Philippines,66.03324883,67.02256718,67.39625522,74.18233099,71.96387016,73.90831433,72.97626615,77.21957744,79.40352677,83.62303068,79.51786054,78.05257962,78.95019489,80.83258388,77.23131435,78.49689776,77.8368543,83.92275559,86.83618899,89.33702066,92.01114625,91.50305,94.41268778,99.08772848,104.9289641,116.8375145,122.7994382,132.0610286,126.3911539,131.0923761,132.7751683,131.6204604,134.5659325,137.6598681,140.9300765,145.0007884,137.5883617,146.1958263,148.1113437,150.4793888,156.6438007,157.7593498,163.0728395,173.2631013,181.1384005,190.6338067,202.6230278,220.8073398,226.9060023,235.2167018,225.1449441,235.6129941,242.5967457,254.5313837,266.5972842
PLW,Palau,2.166347413,2.166509499,2.166490829,2.166562417,2.166639581,2.166683433,2.16682771,2.166881399,2.166933293,2.166867801,2.166660919,2.199402522,2.183795359,2.267411241,2.507329652,2.029448542,2.212486803,2.319556348,2.220408284,2.318574363,2.34339,2.325959345,2.127601969,2.177428096,3.258643769,2.556631658,2.405839359,2.697954832,2.437976415,2.600806532,2.240785621,2.482882169,1.509647125,1.794536231,1.596439037,1.842962119,1.802236186,1.463569012,1.481132915,2.283554096,2.204944587,2.465254425,3.720993394,1.880675842,1.322277274,1.253204843,1.200618264,1.255262001,1.286734826,1.326505426,1.336026576,1.38947286,1.462682656,1.462035121,1.533811038
PNG,Papua New Guinea,2.762996753,2.793728511,2.905342203,3.185555592,3.559693519,3.280015927,3.29139084,3.389993874,3.400766052,3.540903245,3.683668411,3.683485472,3.709294223,3.727114701,3.828312956,3.958483039,3.858073759,4.277125212,4.139205119,4.041072224,4.871850204,5.009101571,5.445630956,5.576369508,5.569284103,5.607926295,5.731696787,5.675014052,9.000036554,6.172577688,7.074670168,7.151356412,7.875595315,8.111080924,8.620941851,9.995474044,10.56854017,9.709827827,10.28725204,8.596637068,7.529370843,7.775266881,7.570549124,7.983653977,9.5958337,10.63131218,11.33114086,10.48377061,9.372814377,9.667963868,10.1246349,10.07727687,10.42768703,10.66230244,10.7610879
POL,Poland,484.9129534,496.4558463,513.889685,539.3234128,558.7666585,579.2349304,605.1236959,620.7068545,656.3980332,658.2399872,659.710943,599.6652433,619.4325138,620.5006872,632.8092583,639.7765924,646.1667177,658.8413865,645.7980234,614.6465731,513.4556292,502.5717608,488.7961917,484.8249147,477.6881299,478.1718568,491.573912,481.0414597,442.4528974,428.2207935,412.0604551,406.5304968,398.7567139,410.2661818,410.0336881,409.9523477,423.2401101,420.4154441,411.6412109,395.3077586,414.1733647,410.7148237,405.0957496,399.1533281,385.4238492,387.9229824,399.4494857,412.8100257,411.6684369,392.6557585,375.6243581,403.1414176,384.9357133,354.3109347,348.195041
PRI,Puerto Rico,31.44913713,33.82253579,41.04255264,45.36593044,43.08648695,40.25135695,44.02278006,49.30111693,49.90147581,42.74455784,35.3431688,30.62918113,23.83653427,24.35718919,22.15578564,19.70583249,23.96768093,21.57417754,24.93802151,26.11704484,21.75245704,22.30795892,22.73374868,23.30384874,24.03216029,24.38499542,24.70716284,25.38542941,25.81857683,27.79879889,27.85134353,27.51823897,22.85530617,29.20369152,29.24237539,29.35714456,19.93068351,20.89941719,18.26275004,16.7747828,16.14540307,14.31066792,13.90660369,13.48705439,14.07236983,14.62855077,13.85265576,14.05462834,16.07607555,14.90632431,14.65448318,14.90145809,16.12187347,16.81116054,17.61649392
PRK,North Korea,94.80745184,95.49056685,98.82408884,101.0818544,104.7841893,109.0730522,116.0637314,122.7235735,131.4030779,140.9887464,148.0376086,152.3403181,158.4843326,164.0237017,169.596339,175.2330838,173.2456473,167.6622192,171.2149862,171.5138444,164.9596141,159.0421469,142.9944446,133.4469775,121.5478547,112.8202419,102.8959343,100.5910164,85.76247075,93.37811135,99.77033353,103.4859112,99.7629663,101.9208768,104.4691203,109.2890217,110.9962575,95.21479055,102.8239388,99.45470985,97.14378864,78.10774368,76.09871618,65.23971059,69.03279256,59.3913096,65.06315842,101.6425926,92.4850199,100.7579639,95.25067738,81.63601799,84.57059095,90.62246426,91.25181519
PRT,Portugal,29.62541132,30.52232784,31.25384667,33.65726655,33.092859,34.67372516,35.93685146,36.51321942,38.53333788,41.56701091,41.87202288,43.65162801,46.02819471,44.82056559,43.07245983,41.72497299,46.21349209,46.16777176,47.06836476,56.0229552,57.63687152,59.15714385,62.97213712,61.85112116,64.00872251,67.44285797,66.08747288,68.84032095,73.57977331,80.75774933,80.571567,79.49314681,83.96355341,79.2018782,81.22542519,84.72481857,79.90030959,78.16355081,75.79557055,74.95655078,69.51899751,67.73229857,66.25322341,64.63777435,64.41354496,68.86109436,67.74476324,72.81967322,68.87758479,64.56044041,58.68252721,56.95977643,57.31886288,54.97769369,53.16959406
PRY,Paraguay,10.34861997,10.6637839,11.00129433,11.61207141,11.91600867,12.49800353,13.65262424,14.52181097,14.78703159,14.52426094,14.74008301,15.85309037,16.53583869,16.99429427,17.72115346,18.28676996,18.65777636,19.42109325,20.40769201,20.58831769,20.77044155,19.47453252,20.39599776,22.31247873,23.72032506,25.54627413,25.51894592,25.8952684,26.05435622,25.56115774,24.88757952,25.45991859,24.62253549,26.53152406,25.62986416,25.81982985,27.64084033,29.7009328,30.91002266,33.46145209,36.45367607,36.83255374,38.00522234,38.75590611,41.11674862,40.86044227,41.20917284,42.43764489,42.00035698,42.40807931,42.58445054,42.40380158,41.19757893,40.95455142,41.4420353
PYF,French Polynesia,0.191589692,0.192374365,0.201491295,0.231840061,0.272824739,0.235979988,0.234443229,0.246472602,0.246531812,0.261882073,0.281119789,0.403896645,0.499067908,0.634796244,0.831300642,0.80352871,0.87800273,0.987006861,0.978946558,0.952995321,0.938386499,0.971345686,1.003541251,1.015493967,0.840135643,0.797951781,0.790094843,0.827079118,0.853069627,0.853986462,0.807527059,0.924723246,0.96880229,1.029132066,0.980967827,1.035887686,0.978722847,1.046796823,1.069935613,1.031922916,1.088575361,1.056365421,1.025274238,1.095409087,1.08348473,1.105840388,1.109285112,0.980483603,0.880875722,0.884177898,0.813607809,0.737600453,1.029471397,1.033776702,1.081003489
QAT,Qatar,23.54860111,27.1728705,32.11754755,36.48051698,31.44001714,29.14990728,29.15729862,26.01366482,28.9590797,28.29759864,24.70174943,20.67135358,19.97256507,17.99783717,25.16310144,22.37774335,23.40353515,23.26160253,24.68763518,26.2500005,26.28981168,27.14942441,28.73762001,29.03351949,30.17452993,29.83813321,35.29480173,51.63197216,53.12674592,57.25756755,59.99663944,56.44895182,59.62114141,65.36599482,66.24244117,65.6716739,71.41333483,80.01451308,85.46957623,87.06590283,93.74259335,107.0215262,116.2987874,127.190893,135.9140001,139.63005,139.9209361,139.4613857,140.3955344,142.3997673,140.6776634,144.0344427,146.1306125,156.1265735,162.7446887
REU,Réunion,0.515290024,0.514762857,0.518442128,0.535862639,0.561259398,0.576289585,0.605515901,0.635961801,0.61959472,0.682872584,0.667337216,0.667620673,0.681597326,0.802822604,0.855947017,0.85433202,0.868929317,1.220667819,1.303010841,1.274245965,1.161249274,1.551555926,1.409891319,1.628099325,1.669748183,1.686663048,1.728869699,1.713581538,2.18121747,2.264125564,2.3230124,2.373999928,2.49781199,2.578097195,2.787088926,2.691438145,2.597703636,2.472410861,2.667687945,2.801792351,2.959422357,2.865905934,2.905005448,2.911104169,2.900955723,2.876766113,2.894718643,2.896520943,2.90534067,2.901966088,2.889963265,2.901751435,2.919813253,2.979582363,3.034388898
ROU,Romania,172.2962469,175.0619181,182.2293465,196.7687087,201.0596325,215.4183524,231.7833607,241.559539,258.5343531,264.0929809,261.0279195,263.7898167,262.0893021,265.104969,265.0347364,264.9412376,267.4478537,275.2524531,279.0883608,275.5062269,241.0145521,196.7108771,179.6506415,169.7812784,165.9532703,170.6219782,174.3577417,161.2934469,143.4582924,126.1528766,130.3785508,136.0003181,135.6109675,140.6575214,140.3673769,138.3283292,144.7726329,142.5096357,140.0450959,118.2457266,116.5131352,122.4102096,119.390501,111.2214624,111.3112204,112.2451567,111.5445597,115.2103902,116.0600306,113.9659407,108.1538459,113.4783334,107.3060714,101.2863614,101.8575898
RUS,Russia,1707.631249,1721.700644,1804.46869,1905.69853,1996.800152,2095.379315,2170.718912,2218.843967,2349.147368,2382.996403,2451.96111,2448.564907,2487.014107,2534.998182,2583.955911,2629.388142,2706.255733,2778.134825,2835.098244,2848.851705,3055.884902,2986.108329,2756.527544,2521.979194,2283.289687,2213.726193,2149.489404,2013.351996,2002.296791,2054.244371,2084.34763,2092.125639,2084.567128,2150.138621,2162.878651,2166.725073,2203.870159,2216.101217,2206.780863,2092.075047,2191.192779,2283.419816,2293.757431,2243.893809,2233.88096,2248.75393,2237.843108,2286.904449,2376.92998,2409.026303,2325.799861,2498.455333,2459.393351,2512.819593,2575.654764
RWA,Rwanda,4.351429077,4.384889109,4.477858331,4.590502143,4.624486596,4.770915782,4.742411732,4.84936317,4.956224602,4.770446765,5.064500543,5.203214211,5.35579117,5.493738911,5.566649924,5.740752891,5.788301795,5.920558709,6.064280777,6.276303647,5.671405807,5.452859198,5.121434289,4.8613543,4.955079685,4.969141666,5.208204842,5.754105696,3.9916308,4.298162991,4.109302639,4.24464898,4.450278938,4.582846528,4.723557731,4.796097071,5.070226691,5.186297186,5.398046296,5.54576459,5.825447746,5.778125256,5.957200589,6.153126463,6.2212377,6.875486324,6.891217966,7.040088792,7.303761048,7.491409793,7.641540058,7.813930364,8.230922732,8.34689678,8.349880749
SAU,Saudi Arabia,85.36804412,96.87805219,122.7065587,160.2304777,171.529345,143.7582442,175.690584,188.7967978,193.0515034,225.6753653,267.004794,253.2662226,237.4938503,228.6853632,182.1995025,174.6044257,185.7910882,193.9099555,212.176524,214.0694043,236.6095301,252.0241601,267.4207599,277.5061368,294.5330641,291.2361768,308.2679907,314.1064824,330.1089569,331.3612673,350.3148385,362.4811273,380.3515681,407.388077,429.7568421,457.1585128,480.8364606,502.5680571,538.9276988,558.5048326,603.2707023,634.2139191,669.6806278,678.3201013,721.0808926,752.8870666,757.4556856,752.6942121,736.7053499,738.2850071,740.204806,757.994549,804.6538779,818.1917259,838.8765511
SCG,Serbia and Montenegro,46.16879482,47.13697851,46.95393035,50.25159166,53.86682171,56.02664961,57.41806603,59.32290681,62.36785156,64.36783379,63.39029035,72.15453477,76.38722417,79.86135501,82.42504644,85.22340697,87.49484621,83.86659933,83.44949708,82.00958202,85.33495411,73.40606342,67.28695402,60.11562568,55.66239114,62.37473243,70.72584306,76.71306227,76.51671218,58.03198741,65.84501314,69.86928013,73.91644112,76.96446047,82.44559934,76.58621179,78.16214737,76.77983052,76.14121981,71.19673904,72.93625771,77.14820235,69.71214024,71.0851343,61.52140738,69.64542965,71.84004042,71.82829309,70.32497356,70.90302665,71.59883743,69.63217925,70.23473171,68.12624558,66.75367493
SDN,Sudan and South Sudan,38.82376354,39.57937949,40.38248019,43.80346182,44.48748235,45.614817,45.96458932,45.88835405,46.88992023,49.67559695,52.73769775,54.98638353,59.44555691,59.11371977,59.97354422,61.35812604,58.05488671,56.70715578,58.43467625,58.82528155,61.17146285,62.24659501,67.37533399,70.52232557,77.21734269,77.92155392,80.62741112,83.09293932,86.7845813,90.7968475,95.63098493,100.7927618,104.4201738,107.9055456,110.6790877,114.4284126,117.3917852,120.5829608,122.2195646,124.0889874,124.9455857,121.724591,123.45653,124.7953291,126.7175817,130.1888102,134.0024622,133.6737878,137.9910482,138.2132435,137.716744,139.7164261,139.4595651,138.3599011,138.7019517
SEA,International Shipping,375.8595843,375.8595843,393.8000001,416.8219501,390.0394008,363.6092794,375.8023506,375.7469685,377.545127,389.5334196,380.508714,353.3366071,318.3187302,298.3091633,302.3549161,325.3268941,346.1197008,342.5816396,359.5467651,359.738212,395.3231712,410.6943822,440.9423053,427.9591046,440.870215,457.1794107,466.4229917,478.2816043,492.9903027,521.2820496,535.2037693,508.0020494,526.6209324,535.6760682,588.3535529,608.7413884,647.473597,684.8987031,686.0028129,652.6741369,701.2412766,702.9478424,656.235214,653.4934557,674.6985213,699.7051917,720.8891081,748.9392194,752.2445603,734.4401429,673.7950786,695.9204961,697.7667427,752.6394313,737.3221906
SEN,Senegal,7.434652467,7.589464951,7.412195066,7.181467125,7.448096471,7.736637668,7.948089189,8.114667906,8.301397103,8.396156715,8.090495237,8.240000851,8.368239022,8.106153053,8.286060502,8.75608642,9.025584352,9.353923089,9.3477662,9.639516989,9.88792312,10.08974718,10.46538757,10.64637541,10.93674049,11.18221804,11.69620056,12.13068957,12.7046663,13.70597545,13.55869109,14.38445663,14.45501079,14.4268946,15.24421473,16.07204972,16.30279742,17.25694453,18.00431226,18.76468163,19.50086525,20.22682383,20.56974867,21.06308193,21.81696374,23.42508865,24.95879036,24.96180426,25.91499972,26.4657345,27.16183627,29.54869845,31.50077786,31.07538892,31.720612
SGP,Singapore,8.862815614,8.911996139,10.32741778,11.27834116,11.72468758,11.71701226,12.59953876,13.81501657,15.38006168,16.41166373,16.50773175,17.6763239,18.33823542,19.67249427,19.83425484,20.63727482,21.03849882,21.45344424,23.89434959,25.26913366,33.75488613,35.80435474,36.61341547,42.45197216,45.3973494,46.82573223,48.79024479,50.33829378,54.77188938,52.73051604,57.24334579,58.76698031,51.40391403,49.80883522,52.47054119,50.32912423,50.59857569,51.16742528,50.44786386,51.44737132,58.05094476,60.44707869,58.58765609,62.01333891,63.91135305,65.74665998,63.87831462,69.10259784,67.08635783,69.58752541,68.06753216,70.64524648,71.90796885,72.3929437,76.09275834
SHN,"Saint Helena, Ascension and Tristan da Cunha",0.005711318,0.005825647,0.005395322,0.005379882,0.005645802,0.005485223,0.005140907,0.006765703,0.006522525,0.006871747,0.007117664,0.005864764,0.005792588,0.006910872,0.006085354,0.006389634,0.006712048,0.008185059,0.008870979,0.008980631,0.013307263,0.008794912,0.008497137,0.009824954,0.008333337,0.008714115,0.006319948,0.006518116,0.006571917,0.006822517,0.014251982,0.010405506,0.010449885,0.010942733,0.012298178,0.0129271,0.011666978,0.013087201,0.013618408,0.013805443,0.014681748,0.015226732,0.015424236,0.018262676,0.018240819,0.018332999,0.01904401,0.019782952,0.020674657,0.020416567,0.019082517,0.019405299,0.020735483,0.020772017,0.021008264
SLB,Solomon Islands,0.147129435,0.155825008,0.163229038,0.182917855,0.213013897,0.2007992,0.209590425,0.222823441,0.229195723,0.235853422,0.252791308,0.299450808,0.28103252,0.291550004,0.276185409,0.27625828,0.24737639,0.256603113,0.286601427,0.282539353,0.301583769,0.30963153,0.328924518,0.333408833,0.339693719,0.326630321,0.331183134,0.338800708,0.346368495,0.350924185,0.406107338,0.428878968,0.444851509,0.459326106,0.473941653,0.490979021,0.496179198,0.524381904,0.533702655,0.537148214,0.572615458,0.591325427,0.5967752,0.62527172,0.61174807,0.575259773,0.570005244,0.542807648,0.581141881,0.584099441,0.581317862,0.615554928,0.592130736,0.598946863,0.619751986
SLE,Sierra Leone,2.111879096,2.137333606,2.166787988,2.188441562,2.25499441,2.340413031,2.410108792,2.462468171,2.523572899,2.516276094,2.538004784,2.517082708,2.599342683,2.56010178,2.506490391,2.547821177,2.688141341,2.988651815,3.031522175,2.967277167,3.473437586,3.677603995,3.342914089,3.350813081,3.359442973,3.445971891,3.509260385,3.572572779,3.613123444,3.695663468,3.390762663,3.452648693,3.619991561,3.805210493,3.993182913,4.461419814,5.098965916,4.621362341,4.809885017,5.179399368,5.457165121,5.861022931,6.197411244,6.502988306,6.711186122,6.242856427,6.319470954,6.34317578,6.551938057,6.702060123,6.874178533,7.833318509,7.335498651,7.794538671,7.928483054
SLV,El Salvador,5.375271475,5.245583984,5.621130769,5.623471178,5.757029597,6.090051828,6.389414522,6.815549524,7.198614884,6.974497312,6.22549559,6.122946767,5.636200366,5.761626579,5.672782305,6.111501239,6.074745633,6.686179615,6.752947409,6.783098285,7.083398424,7.95055265,8.48696746,8.736660379,9.476027671,9.660783128,9.605357148,10.74042778,10.65966355,10.77134259,10.26986882,10.84248538,11.00450004,11.46520848,11.87500569,12.14788291,12.63864075,12.89024865,12.37861539,12.10125561,11.75820886,11.67630956,11.94083703,11.1290543,11.61502266,12.11136604,12.06958703,11.4214465,11.73976308,12.76689356,11.64611319,12.5968836,13.60265508,14.38013157,14.75163462
SOM,Somalia,18.58076587,18.44642001,18.80015512,18.63585895,18.37353525,19.77804147,19.75264362,21.07343204,22.65513934,22.6968951,22.62246428,23.55405205,24.20859448,23.57655073,23.98375594,24.75844426,25.10896878,26.04097665,27.05987816,26.8905908,25.66638795,22.86347494,20.98645917,22.94389611,24.76162661,25.53184707,26.19214477,26.78030202,26.89702954,27.57635501,28.3011741,28.81669821,29.38387644,29.92092699,30.43175084,31.173033,30.30378112,29.07009287,29.52829392,29.89651982,30.25115588,30.64352856,30.92483077,31.07970892,31.32403595,31.44762439,31.81126107,32.03841157,32.57999509,33.10877491,33.50835315,33.3841525,33.64470387,34.24472493,34.41687287
SPM,Saint Pierre and Miquelon,0.041449244,0.041470399,0.049567583,0.050028859,0.045130804,0.053726236,0.049156024,0.053798903,0.053800485,0.053246481,0.052744311,0.051810958,0.044922178,0.048415635,0.053337028,0.049058274,0.061190917,0.080571319,0.086669232,0.106224898,0.098400479,0.093029643,0.0872116,0.050995714,0.052806845,0.034912139,0.034669924,0.022884828,0.029211309,0.02950054,0.023478294,0.023200411,0.025817383,0.029321189,0.028029876,0.029334922,0.031788638,0.033975689,0.03545972,0.038499301,0.042468832,0.03394635,0.034629901,0.039625451,0.043518833,0.04429596,0.047448941,0.043805472,0.034410979,0.041346223,0.038788626,0.035170098,0.035068566,0.035109438,0.035007767
STP,São Tomé and Príncipe,0.034184129,0.034149366,0.033597064,0.034843709,0.035650568,0.037418149,0.039510778,0.039968074,0.040689733,0.043668185,0.043458394,0.044322943,0.04304099,0.045610589,0.045943008,0.046250536,0.049628371,0.059621776,0.057655491,0.056085364,0.083260718,0.098119773,0.091061058,0.090460165,0.10153296,0.104787835,0.107986345,0.108786026,0.111143897,0.118064559,0.115800053,0.115702409,0.126665843,0.137675248,0.148043177,0.156807106,0.163535792,0.166699214,0.175567031,0.188313578,0.198429577,0.203635148,0.210316118,0.213703516,0.214388811,0.225145129,0.233260104,0.238397179,0.242463482,0.251752363,0.248700501,0.25125202,0.236506229,0.242117475,0.245465132
SUR,Suriname,1.759444415,1.761714141,1.724170388,1.947963044,1.87350952,1.766640339,1.837672538,1.99872911,2.147136692,2.150337464,2.212155611,2.010713418,2.01040049,1.808318509,1.676708487,1.809948424,1.831646726,1.538056606,1.641037257,1.848558545,2.213400359,2.461257798,2.598362063,2.47647268,2.438842503,2.475862351,2.485561937,2.458260732,2.470673354,2.395386453,2.528140301,2.548277775,1.967653623,2.188785488,2.332546499,2.604516614,2.480609239,2.373080246,2.458798051,2.567265162,2.878301937,3.113434079,3.58217161,3.465520887,3.834892005,3.923076521,4.19345969,3.657389802,3.317564867,3.878617944,3.791143808,3.914800804,3.956371224,3.586674314,3.666575343
SVK,Slovakia,56.31397781,56.49286852,57.34359802,58.60908387,59.24015382,60.63353428,61.49256667,63.70071897,70.36149795,71.60024018,75.67875481,73.64164218,71.90605337,71.86256903,74.23234622,73.78655422,71.15917033,72.79113603,74.18882446,73.73909721,73.84474417,64.27749585,59.56739949,57.8030155,54.85099779,54.83694836,55.3777104,54.67709984,53.76735466,52.61286351,50.48204633,51.05834469,50.59609892,51.21722615,50.94860393,51.09541244,51.31735014,50.24545694,50.10372763,45.7645924,49.1013579,47.4799791,45.3813985,45.8418701,43.04508006,43.92964306,44.80138339,47.0650803,46.66973814,44.0184777,41.99619459,46.37188101,42.52427532,40.30773895,39.00077605
SVN,Slovenia,13.98259866,14.3121305,13.91324426,15.4255544,16.57660624,16.64770176,16.19014923,17.22643497,18.12736467,18.82143174,19.13835142,16.77161495,17.06150395,19.85570667,20.10342668,19.67663619,19.53511423,19.11099287,23.35983537,22.06537808,21.07410956,19.73705305,18.79218704,19.34572034,19.17704525,20.07903692,20.73561549,21.50706865,21.3463668,20.72766595,20.51073717,22.34817192,22.99408819,22.83106083,23.36559402,23.5076441,23.58781228,23.51528374,24.13426911,21.87009097,22.00391073,21.02341724,20.36629171,20.32395117,18.67843936,18.88800088,19.7919832,20.09876427,20.0332188,19.35462271,18.02376465,18.19049864,17.49821797,16.67712203,17.33689925
SWE,Sweden,114.7110181,107.6735645,107.9385573,109.5437641,102.7112163,104.3628109,111.3762863,107.3882697,102.1461642,105.5546924,97.96901029,90.31658698,84.00708475,78.34063787,78.06025803,81.82976915,82.75484998,80.45814386,78.45656378,75.83234363,75.2518516,75.46619924,78.2561592,78.69697161,81.62862736,81.0278599,86.49049423,80.43679882,81.38015174,79.79704398,76.19945188,75.74262171,77.11651606,77.23820934,75.68564394,71.92412342,72.17663165,69.76219579,68.08786046,63.09035919,69.18656696,64.63302671,61.747978,59.71103601,58.36133293,58.39086923,58.01746354,57.33618751,54.8468232,54.92091897,53.70536703,55.81768704,52.8307019,51.40128365,52.56580179
SWZ,Eswatini,1.858919303,1.873636015,1.943720639,2.004461567,2.044902997,2.123580023,2.193816982,2.160356435,2.571819542,2.62534808,2.649886817,2.614157242,2.585223237,2.440443376,2.44730678,2.593935737,2.696951718,2.693493921,2.732527521,2.825886616,3.221718948,3.295500121,3.147310627,2.787922807,3.544133339,3.51876116,3.302485468,3.369768069,3.318387098,3.533006409,3.255030988,3.116864868,3.142283263,3.18148441,3.214425192,3.186987584,3.110187236,3.188252686,3.120905841,3.08371417,2.788169581,2.662862059,2.675683635,2.885865443,2.896295624,2.893076288,2.936488101,2.908118071,2.915071756,3.011080424,2.857132884,2.905894701,3.049161761,2.921694397,2.929757254
SYC,Seychelles,0.130088218,0.133780336,0.135503122,0.140905267,0.151745275,0.158645978,0.164575176,0.169520638,0.173470437,0.19617834,0.194954767,0.159638216,0.142004499,0.232485807,0.235995855,0.245917639,0.243817249,0.342159102,0.45040218,0.433431186,0.317515832,0.434862558,0.373113301,0.375047432,0.374260585,0.395610654,0.407763234,0.427845861,0.436922116,0.45390837,0.818452229,0.903018982,0.822949071,0.830023991,1.132795909,1.034667992,1.122823064,0.938696683,0.993915748,1.095699645,0.990784769,0.854339147,0.962936137,0.877987047,1.006273357,1.069531709,1.189728154,1.244780261,1.093426246,0.982787157,0.92836604,0.87965636,0.937295589,0.935236072,0.976437404
SYR,Syria,15.60103012,15.60318402,15.98563974,15.27786133,18.61196185,23.31919346,25.54074549,25.99717762,27.39778982,29.91151503,29.9049151,32.24109399,35.18530108,39.64033839,42.34537705,40.11971598,42.08678829,50.92623226,52.90816788,55.92742558,63.39897961,71.84277788,71.25454002,75.23066976,78.21746795,79.80855982,82.82093495,81.58285527,83.59815826,82.84961076,84.9530544,77.65451466,73.31064835,73.74677739,74.70960788,86.64244934,88.43470558,92.37294245,92.03693975,89.24585281,88.78644222,84.4323701,66.5929581,47.90076912,47.0355129,43.71979964,41.3361791,46.26956613,47.80147441,47.34146469,46.33938087,46.28612187,45.69907178,46.53065472,47.16557606
TCA,Turks and Caicos Islands,0.004535696,0.004664165,0.005420784,0.005521041,0.00513285,0.0059491,0.005590644,0.00605288,0.00609981,0.006123464,0.006132892,0.006187411,0.006089093,0.006195624,0.006836105,0.00706939,0.007440967,0.007901015,0.008510319,0.008869735,0.009219733,0.009524027,0.009876134,0.010186116,0.010695851,0.010996337,0.011210521,0.011404622,0.012281796,0.012811906,0.025739388,0.027053514,0.035465033,0.032676258,0.035933804,0.0426975,0.051802581,0.062000402,0.069543986,0.076267898,0.083972273,0.067303073,0.069801815,0.079272446,0.087085254,0.091308418,0.098340789,0.098093475,0.201468226,0.232287694,0.225029364,0.224299805,0.229483806,0.23004119,0.237848458
TCD,Chad,8.749515678,8.84043396,9.431866404,8.532484681,7.096544812,7.377899363,7.66493274,8.318903606,8.596109884,8.888066373,9.098274769,9.238292066,9.792860842,9.771454166,8.042311292,8.183101959,8.759720378,9.224191811,9.538746224,9.985007458,11.06569419,17.94934218,18.69123949,19.29194642,20.30726692,21.23708609,22.08738476,22.83637183,24.13349867,25.45321753,26.57002381,27.83614847,29.32787145,31.45626085,34.73742676,36.63513261,38.30197745,40.22180588,41.97797601,44.05379666,46.62977087,48.9602369,52.08018419,54.75174159,57.75786237,62.76452808,66.10827981,69.97616955,74.11451198,78.08280169,82.41582624,86.14131309,91.53120065,96.87325336,101.1737972
TGO,Togo,1.967794261,1.767630234,1.900609661,1.861701852,1.863016038,1.980973686,1.954243786,2.077749284,2.157220446,2.207634244,2.10051376,2.126517494,2.364975571,2.161955821,2.281193583,2.335194133,2.661187447,2.80348593,3.008947271,3.043740385,3.2488224,3.130331971,2.871693585,2.799254183,3.253245391,3.20516461,3.893186216,3.81342316,4.219925655,4.718168305,4.725351289,4.717813856,4.894281539,5.248806958,5.273122675,5.454798623,5.430229685,5.498460159,5.984282519,7.389802361,7.296128621,7.221279557,7.599802742,7.47938329,7.24829407,7.280069905,8.074574595,7.817323384,8.284822427,8.72860494,9.35285933,9.745006418,10.12805509,10.54513338,10.84426499
THA,Thailand,81.61780445,81.37145268,82.49690287,88.43702937,87.4681002,92.1403633,96.98886795,101.3272449,108.1405934,108.825068,111.071596,113.1769177,112.8394689,117.7200758,122.5295513,129.223947,131.0305555,139.7490353,152.1845636,166.6644119,183.2821232,197.6771133,208.53506,223.3166079,239.1849154,255.4988118,275.1159452,279.4812488,255.8449053,265.4608597,266.5868191,278.6569319,291.7789921,305.229622,327.0301371,338.8721945,343.8979211,355.1025218,356.9905541,354.2996502,373.9503096,373.9836959,392.5640698,403.8667251,395.7063449,401.3825365,401.0899444,406.6368087,402.1173162,410.4600613,403.9095364,398.6981109,417.7711804,410.6628306,422.387287
TJK,Tajikistan,14.22615277,14.5654158,15.16993582,15.76735724,16.39615378,17.29579148,17.67238157,18.04432059,18.47155101,18.9170092,20.22499356,20.34849724,20.15807949,20.65162388,20.88393099,21.59110723,22.29201592,22.78843047,23.01977818,23.1907574,21.98515886,22.58120442,18.5065682,14.12438333,11.58245352,11.02357848,9.876627581,10.05042543,10.17355241,10.02501366,10.50862402,9.999226935,10.8571862,10.19968862,12.33439427,11.80889341,12.48892686,13.97181465,12.78947211,12.00661079,11.88749746,11.85449261,12.82961619,13.05252207,14.51795561,15.28794969,16.32231221,18.05508038,19.42729917,20.41057442,21.12641104,21.35320921,21.8489503,21.67382173,22.18897064
TKM,Turkmenistan,28.64534068,28.90498091,30.22698936,31.5158736,32.92657031,35.32795092,36.28758085,37.53012668,39.62637056,40.83890095,43.08393469,44.09305223,45.14099863,46.34326855,47.78035318,48.99513235,50.59491885,52.03088209,53.11863918,53.56676592,61.31820163,55.54630436,42.67013935,42.03710878,47.20298079,47.04754246,45.40687125,42.3968895,46.52786873,57.03654955,59.58973561,61.20122513,67.58348829,77.01175377,80.87170528,81.22196425,85.22555086,89.79917116,93.56304399,81.7439838,88.85668339,95.54830561,99.43910332,98.41985415,97.03476504,102.8238103,100.9136055,105.3016808,107.1599088,106.3271508,109.8840709,128.4348672,134.7788837,128.3196036,114.8121833
TLS,Timor-Leste,0.609176988,0.626859446,0.672091167,0.680675139,0.676410394,0.61330177,0.546825092,0.474633325,0.418684014,0.343670975,0.31072119,0.313913967,0.336540119,0.360641111,0.388193409,0.416853975,0.432608768,0.448821211,0.451344216,0.487975573,0.529667377,0.601814776,0.610006395,0.660261114,0.743831769,0.75355155,0.801721185,0.791033086,0.894095284,0.906647401,1.022559218,1.080509364,1.06191827,1.081467813,1.682526419,2.01521456,2.160773736,1.975818783,2.178068506,2.172132737,2.081130216,2.223744749,2.61464427,2.378291692,2.160429864,2.211455437,2.016014292,1.895345276,1.881423576,2.10948383,1.914057194,1.89250202,1.932907933,1.877023897,1.940119777
TON,Tonga,0.067162399,0.067089661,0.069063246,0.079259625,0.088302374,0.091598487,0.098365777,0.108153161,0.125772006,0.129184286,0.134356651,0.160212233,0.150508079,0.134883267,0.122186986,0.139418672,0.123416646,0.168900852,0.191808628,0.19740586,0.194068205,0.199522833,0.209061778,0.209666119,0.248534407,0.219091298,0.235999425,0.246528124,0.253535456,0.255306094,0.208139595,0.202970648,0.213615531,0.235318465,0.22134457,0.231060375,0.24339645,0.224738785,0.23478953,0.242131643,0.237815442,0.231490759,0.230826456,0.232277002,0.245595709,0.249370158,0.258926957,0.271557511,0.264371413,0.283611514,0.307960467,0.328971467,0.283705538,0.284241924,0.292904216
TTO,Trinidad and Tobago,9.084334392,9.116144687,8.815743439,9.232182778,9.479294413,8.911876805,10.04520262,10.95179272,11.3343047,11.40705483,12.24436579,12.68835672,13.73007066,14.06671401,14.7595548,15.12720817,14.872006,15.1617068,15.94151016,15.96073174,15.8940217,16.11952544,16.37632244,16.16287675,17.89854934,17.31927307,18.38946222,18.24845859,22.01724086,22.59189224,23.5021626,26.29462491,28.34492858,32.40574876,34.5469763,41.54201561,45.69920946,46.50946795,45.50181076,44.37529878,48.0744187,48.21173317,44.70603984,43.90957004,43.77515749,43.36213941,40.04995743,39.07623418,39.27916712,40.06815814,36.52395382,35.30654361,35.18927715,33.67536874,33.58657814
TUN,Tunisia,10.47338101,10.84665173,11.56975596,11.67570237,12.52077848,12.96508433,12.95838294,14.0542538,14.75651527,15.8885532,17.07592831,17.52845988,17.39365682,19.12223205,19.84442829,20.34013195,20.57711553,20.89395519,21.61365583,22.75826798,23.21815062,24.27980524,25.43980614,25.99524829,25.73888134,26.23543544,27.23789117,27.68826762,29.00510687,30.55387173,31.60442766,32.57995814,32.32627222,32.03426527,33.60742178,34.82373453,36.20350977,37.0607181,38.3410194,38.22739772,40.14159042,38.31742486,40.32435556,40.05525392,42.01370941,42.4361022,41.62744523,41.840739,41.83081987,41.8836809,40.35552101,43.31987703,42.70544845,43.60206143,44.62100075
TUR,Türkiye,101.570231,105.8647935,114.7724656,120.5474408,123.7648068,130.9107282,141.0682221,150.782456,150.5963805,145.3998642,150.5139626,153.5523701,161.846463,165.9669376,172.6435423,177.0938651,189.576627,202.406794,197.8930684,212.3051966,226.177768,222.4250921,231.8230172,238.551908,234.6623531,250.777977,267.8696241,277.9116778,280.2926458,278.9113111,301.818414,278.6053545,289.7373146,302.7071446,309.668716,320.7302382,352.190889,379.2563701,378.808544,383.4098004,394.851224,418.0067139,434.138723,427.8428825,451.7437154,465.3476675,492.368101,535.8772399,538.8942487,528.9145127,543.4288699,581.9848257,564.2614198,564.0621393,579.5068163
TWN,Taiwan,52.41039273,52.43480853,57.10400687,61.49836765,60.74550199,64.63826071,74.16576647,78.32202706,86.29127617,90.06499191,97.00340885,90.2051627,94.65799686,99.09613826,99.7637019,99.02470787,110.7396994,115.6100637,132.8817036,143.1838895,146.5227398,157.4320532,165.4755499,176.9189083,186.9349937,196.8638876,206.3662588,221.2279944,232.4617753,242.3657976,259.1649434,267.3315763,322.4210227,333.5155696,348.3527757,342.5018074,332.4743231,341.6721931,324.8005902,306.5681438,313.7375501,320.3378444,314.5889997,319.7664157,324.6729125,323.5590295,327.0763432,332.6506262,328.544879,318.5723483,317.0371468,328.0153247,318.5601523,310.4405182,309.6116539
TZA,Tanzania,19.03399735,19.23122109,19.75850912,20.05068791,20.2719378,20.6250069,21.39990792,21.93331548,22.58643236,23.23136743,23.61836801,24.35484893,26.44325915,28.0900491,26.41748674,27.10908792,28.08763141,28.75748134,29.24805473,28.32665766,29.19735072,29.07892691,30.05790717,31.58759213,31.22662712,35.07579375,33.46088503,32.87075215,34.44493647,38.10654584,39.19678105,40.035878,41.27364791,43.04913616,44.61464093,46.44098414,48.00440277,48.00855003,49.44002918,50.12557423,52.92434281,57.72789614,61.13525166,65.16551666,66.83646003,70.41584586,72.557371,73.16076164,74.27701253,79.44247215,81.87965757,85.32824448,89.5229343,99.484975,102.5250065
UGA,Uganda,11.20203702,11.26984365,11.61983059,11.85232605,12.14473211,12.40997977,12.9722581,12.93610768,13.49029045,13.65765185,13.060258,13.04419982,13.32805861,13.53948251,13.89823026,14.21693141,14.70176728,12.8923307,13.64902866,14.15187781,15.29444456,15.9205652,16.29602176,16.72062543,16.45638831,17.0573058,17.48209873,17.95903775,18.6383444,19.16639187,19.63391731,20.20442643,21.05560367,21.94044956,22.50999772,23.6878726,24.48812943,25.81745221,33.38182137,34.72561185,35.83240121,37.38105707,38.62470348,39.65531344,41.38371128,43.42842587,45.39879205,45.96465924,48.07430574,49.98041936,50.91807767,53.56019147,54.26957376,56.60281682,57.29815227
UKR,Ukraine,612.8136806,616.7777932,647.3967563,682.576493,711.4966531,741.5620668,763.4131316,776.8506273,821.4364282,836.6968617,857.8375618,847.1165014,846.4188489,849.5896067,855.1359885,857.905983,875.4448936,899.5957399,905.3615358,902.3787204,977.9458117,918.8029439,818.6225019,725.0741119,613.5034725,597.3690946,518.0760605,496.0793916,469.7715957,468.3291393,462.110928,460.2655031,463.1576484,495.657907,468.9642604,456.2351839,455.7343498,471.2175905,455.99249,389.7941155,414.1998705,441.1345041,431.6527718,423.1549095,372.0592508,316.8592951,322.88153,297.824882,311.192587,301.6375472,292.7272614,285.036443,199.7694764,201.6123002,196.9640055
URY,Uruguay,28.56863317,28.22973124,29.13352883,29.91181516,30.98741128,32.94680578,31.35694242,30.99087747,31.35456849,33.01060953,35.05868284,35.29596286,34.46311857,30.1947836,28.48584559,29.0224493,29.21344962,31.04325638,33.13840186,31.76866897,28.90139504,30.69942686,32.54588465,33.28102108,33.4421267,33.79298033,35.24074812,34.97195916,34.5108462,35.65349094,33.82887644,33.47999012,34.179687,35.13290814,37.14884902,37.30304307,39.33406892,38.50203956,42.11013995,41.49345181,38.46370107,39.6780711,40.26697033,39.0730982,39.22911245,39.67296759,39.87998533,39.0143493,38.66144765,39.23814854,38.60494014,42.27180959,41.11042764,42.92717793,44.62714553
USA,United States,5788.211445,5661.129768,5930.481325,6128.570826,5948.974248,5730.166483,6043.9505,6199.783902,6193.977366,6259.755767,6027.233785,5949.377273,5681.113176,5651.248199,5882.185176,5892.816384,5846.334331,6007.342103,6238.145084,6296.012833,6216.3265,6161.416564,6258.645462,6380.356916,6490.888152,6558.697195,6728.076463,7010.452161,7055.120642,7060.169619,7219.824527,7157.792839,6992.398581,7058.643686,7157.798729,7160.639047,7041.308615,7129.181817,6941.730489,6487.701014,6754.186389,6546.870006,6311.693451,6448.636748,6488.476756,6364.003722,6237.73796,6183.644464,6370.447566,6248.242885,5703.915419,6000.506715,6074.236155,5890.986428,5912.617724
UZB,Uzbekistan,78.59210558,79.79193491,83.63396074,87.65573258,92.28313155,99.80863312,101.223172,104.6194209,109.3348111,112.6856284,119.6786405,122.9758399,126.5587012,130.7299555,135.126608,139.38397,144.4086969,149.2831599,151.7595392,152.7274934,163.1813222,162.5073016,152.7071611,153.3780448,150.3778524,142.1960841,146.623755,145.0869674,160.9656947,159.5104291,169.4050494,175.0142482,185.7877819,174.1370741,176.1412057,177.2522566,189.4099594,183.6008591,195.1411807,176.5480734,192.4440824,198.3916123,187.0614991,186.4686002,178.1140675,173.1853258,182.9666523,188.0523998,185.5181631,189.6360771,198.2383357,210.4788688,206.8546588,211.3656943,227.488366
VCT,Saint Vincent and the Grenadines,0.046465657,0.04756435,0.050375802,0.051946127,0.051209412,0.054433356,0.053855346,0.056269432,0.057115331,0.058038639,0.058803831,0.059733408,0.059961787,0.061044526,0.065274055,0.065807314,0.063721646,0.060988557,0.068332379,0.077536858,0.078478997,0.075986785,0.082408486,0.076255605,0.100189085,0.105282273,0.099430972,0.110229307,0.117590125,0.118463817,0.092364599,0.098925588,0.105916948,0.109606323,0.114395002,0.116837052,0.124368632,0.130599243,0.134368405,0.178999438,0.151535336,0.124975326,0.142806517,0.135648938,0.145310851,0.147624915,0.153403212,0.161303775,0.162188403,0.168834486,0.176016249,0.169359678,0.180049508,0.180703666,0.185236121
VEN,Venezuela,106.7951598,106.1477789,105.980434,116.0679242,113.2933047,106.4998238,110.1817829,113.3593368,119.325952,132.0797142,140.5659931,141.4595769,142.8588966,140.6721855,145.7120654,143.8958484,146.5676,152.6514824,151.163142,158.2424388,163.7310317,168.863811,169.8582013,174.2994589,188.2661825,191.0711564,207.1845291,212.1322672,217.3185075,213.0817217,222.8467894,229.0593016,230.2706556,225.3210143,235.9659989,244.969932,247.8592527,246.7892038,258.0486021,256.0193827,260.9671198,258.0489708,284.5547773,283.6562008,281.4680408,262.9489523,246.1418591,231.0814166,210.6356701,189.5028174,141.5034837,141.3264167,160.2606681,165.3115037,167.3184304
VGB,British Virgin Islands,0.015787922,0.016325157,0.018091398,0.018366498,0.017909705,0.019699086,0.019255159,0.020269477,0.020098336,0.020092085,0.020447788,0.025122607,0.024021494,0.023812885,0.020548943,0.020427612,0.01643217,0.027158095,0.028668836,0.029234438,0.029068139,0.029330567,0.029508348,0.029089376,0.029585959,0.029384695,0.034972544,0.035760353,0.036481041,0.036880251,0.039790271,0.040023574,0.043469633,0.047065236,0.048183826,0.050154781,0.057968173,0.061945007,0.068434868,0.077217368,0.084498492,0.069472129,0.071393497,0.079978542,0.084912492,0.086599395,0.092303466,0.082066237,0.081414982,0.102937187,0.100281783,0.100400003,0.104623101,0.1050023,0.108295127
VNM,Viet Nam,62.68167622,63.09208332,62.96032244,66.85642564,64.75482287,66.2225797,64.4774148,66.27605535,65.09173204,67.3762758,68.70968742,71.61378875,76.52424408,79.34493192,80.51324967,82.30254571,85.62036051,87.58073171,90.78122994,90.41700504,91.89518052,96.04614437,100.519325,107.6962502,115.2482513,123.7954718,132.2993965,139.3720908,149.6713383,156.1279211,163.6424303,168.1307543,182.8944837,191.0392286,213.4153935,225.204936,231.4366643,245.1668134,256.1988297,275.6842974,292.7404144,295.6414014,295.4604307,304.0380119,320.0894728,343.6262669,364.3784655,370.390542,427.7399457,484.7100423,492.9550888,486.779435,494.4743752,542.9234746,584.257623
VUT,Vanuatu,0.291535177,0.313091779,0.320831035,0.36278941,0.397716003,0.389674094,0.400608674,0.395860128,0.385638482,0.385901974,0.392207742,0.375307721,0.380537479,0.386613733,0.377342544,0.411808853,0.400540467,0.41208077,0.442735938,0.436995337,0.469562801,0.47546639,0.455995965,0.481111408,0.487838577,0.484559275,0.490369565,0.496241828,0.502418369,0.513249877,0.523771973,0.51392833,0.513387243,0.544574052,0.526475312,0.535081922,0.53463852,0.662212398,0.665170906,0.647574895,0.670766475,0.705224642,0.674327852,0.678312654,0.704857747,0.635365472,0.561135682,0.528866232,0.595004471,0.587317944,0.622655258,0.66577507,0.647613689,0.622630262,0.632052721
WSM,Samoa,0.157587161,0.157805613,0.16265245,0.177865026,0.201488455,0.188918954,0.189877717,0.195047484,0.196828881,0.206687061,0.217736639,0.221288034,0.239695147,0.240373598,0.257882083,0.25230242,0.239565605,0.264198237,0.265422675,0.287662503,0.294415698,0.29864415,0.291455276,0.311974493,0.318330366,0.301178384,0.302823784,0.307262407,0.313711359,0.313915507,0.360785766,0.389354631,0.396834193,0.405949421,0.404340594,0.41191437,0.412791898,0.425448772,0.429109586,0.439578756,0.468760461,0.481330888,0.48658328,0.50131495,0.510008429,0.565824898,0.572090475,0.522585221,0.533739789,0.540552142,0.466639583,0.528588112,0.511559841,0.507959174,0.5216478
YEM,Yemen,5.397940322,5.694725792,5.955556246,6.260239616,6.48385633,6.502108013,6.816841293,6.938517357,7.27323658,7.551235708,8.516174698,8.639484814,9.223683787,9.791862681,10.00985975,10.47036244,11.09187783,11.99834874,15.78767811,16.58573447,17.50710932,19.3779451,19.94590143,20.00655482,22.59398679,23.18742761,24.07022538,25.73595389,26.70253649,29.59105954,32.43329248,33.40980791,33.73910242,38.94630531,39.92169146,44.19739753,48.72833499,50.95693093,50.25302942,53.51110346,53.02024055,47.41022549,44.50690213,52.94121045,51.6612822,31.47537187,27.20825379,28.29203061,31.81644644,33.70539848,33.05104383,33.60329229,33.56291079,32.36588074,32.90275715
ZAF,South Africa,241.1517616,240.6573829,247.9573964,267.039236,276.1184831,294.3219402,310.3442563,312.5787723,292.1794236,302.0310457,317.6927419,334.2193256,343.3556877,346.7313907,367.7871428,373.2688234,371.3279199,388.3979636,394.1299377,392.9151144,407.0931074,399.4787229,393.469929,397.687953,404.4629814,423.2643588,437.4584477,456.8218919,464.1294362,446.8371803,449.6812765,461.0860589,475.9107052,502.8079804,537.0015768,549.4025606,553.5642191,575.5994431,604.9379797,573.0524648,581.5066501,561.3165927,582.7116693,597.1763122,610.8930225,584.9499372,582.2041819,599.0715971,600.3929024,604.701921,576.9990215,575.4292061,556.079941,555.4452876,569.8096095
ZMB,Zambia,10.08034285,10.33643365,10.91749587,11.37729846,11.59418383,11.88487335,12.31336849,12.05970317,11.87672673,11.67851605,11.73716166,11.70917363,14.49345848,14.44322324,13.08051978,14.57984003,15.1850984,14.64111002,14.92270934,15.80056825,15.86413519,14.8156944,15.38098944,14.92450027,14.38282235,14.0202196,13.65953169,13.27247394,14.8502142,14.5327192,14.00999364,15.17859279,14.45621422,15.01110132,15.27318544,16.29350977,16.29463709,15.76817827,16.70262452,18.26253093,19.94093923,19.77890542,23.26915311,24.55369583,25.54803779,26.21087457,27.06109482,29.28464669,30.96471022,32.39121722,33.01291384,34.14926923,37.10906372,37.49200261,38.51900233
ZWE,Zimbabwe,21.72110553,22.31569373,21.95795306,23.56829201,23.65430536,22.96576251,24.0950169,23.30258288,22.27935201,21.65530803,21.9357516,21.85615555,22.25622403,22.13904532,22.70697648,24.86508692,27.1609223,31.1271019,30.80800116,31.19539421,34.44416201,34.33693982,35.2591653,30.77687214,29.87513322,29.75366927,31.25861386,30.19086919,31.10008012,34.40466905,31.24355102,31.405986,28.68861903,25.43669064,24.60781382,25.89775377,24.81570964,24.83983548,22.23317186,22.81389894,25.98958403,32.48698856,29.53354608,29.65960137,27.40979273,28.46944512,26.59280888,26.05140609,28.03108046,26.46948506,24.79378606,27.14970949,28.02562683,30.12498483,30.78427245
